Team Name,Player Link,Player,Pos,Seasons With Team,Year of Induction
BOSTON CELTICS,https://www.nba.com/player/1718,Paul Pierce,F,1999-2013,2021
BOSTON CELTICS,https://www.nba.com/player/708,Kevin Garnett,F,2008-2013,2020
BOSTON CELTICS,https://www.nba.com/player/76442,Chuck Cooper,F,1951-1954,2019
BOSTON CELTICS,https://www.nba.com/player/78500,Paul Westphal,G,1973-1975,2019
BOSTON CELTICS,https://www.nba.com/player/78097,Charlie Scott,G,1976-1978,2018
BOSTON CELTICS,https://www.nba.com/player/129,Dino Radja,F-C,1993-1997,2018
BOSTON CELTICS,https://www.nba.com/player/951,Ray Allen,G,2007-2012,2018
BOSTON CELTICS,https://www.nba.com/player/406,Shaquille O'Neal,C,2011,2016
BOSTON CELTICS,https://www.nba.com/player/78510,Jo Jo White,G,1970-1979,2015
BOSTON CELTICS,https://www.nba.com/player/56,Gary Payton,G,2005,2013
BOSTON CELTICS,https://www.nba.com/player/600014,Artis Gilmore,C,1988,2011
BOSTON CELTICS,https://www.nba.com/player/77141,Dennis Johnson,G,1984-1990,2010
BOSTON CELTICS,https://www.nba.com/player/1122,Dominique Wilkins,F,1995,2006
BOSTON CELTICS,https://www.nba.com/player/305,Robert Parish,C,1981-1994,2003
BOSTON CELTICS,https://www.nba.com/player/77498,Bob McAdoo,C-F,1979,2000
BOSTON CELTICS,https://www.nba.com/player/1450,Kevin McHale,F,1981-1993,1999
BOSTON CELTICS,https://www.nba.com/player/77967,Arnie Risen,C,1956-1958,1998
BOSTON CELTICS,https://www.nba.com/player/1449,Larry Bird,F,1980-1992,1998
BOSTON CELTICS,https://www.nba.com/player/77070,Bailey Howell,F,1967-1970,1997
BOSTON CELTICS,https://www.nba.com/player/78450,Bill Walton,C,1986-1987,1993
BOSTON CELTICS,https://www.nba.com/player/76462,Dave Cowens,C,1971-1980,1991
BOSTON CELTICS,https://www.nba.com/player/76054,Tiny Archibald,G,1979-1983,1991
BOSTON CELTICS,https://www.nba.com/player/76166,Dave Bing,G,1978,1990
BOSTON CELTICS,https://www.nba.com/player/77188,K.C. Jones,G,1959-1967,1989
BOSTON CELTICS,https://www.nba.com/player/77414,Clyde Lovellette,C,1963-1964,1988
BOSTON CELTICS,https://www.nba.com/player/77062,Bob Houbregs,F,1955,1987
BOSTON CELTICS,https://www.nba.com/player/77459,Pete Maravich,G,1980,1987
BOSTON CELTICS,https://www.nba.com/player/76988,Tom Heinsohn,F,1957-1965,1986
BOSTON CELTICS,https://www.nba.com/player/76970,John Havlicek,F,1963-1978,1984
BOSTON CELTICS,https://www.nba.com/player/77196,Sam Jones,G,1958-1969,1984
BOSTON CELTICS,https://www.nba.com/player/77907,Frank Ramsey,F,1955-1964,1982
BOSTON CELTICS,https://www.nba.com/player/78126,Bill Sharman,G,1952-1961,1976
BOSTON CELTICS,https://www.nba.com/player/78049,Bill Russell,C,1957-1969,1975
BOSTON CELTICS,https://www.nba.com/player/600003,Bob Cousy,G,1951-1963,1971
BOSTON CELTICS,https://www.nba.com/player/77853,Andy Phillip,G,1957-1958,1961
BOSTON CELTICS,https://www.nba.com/player/77429,Ed Macauley,C,1951-1956,1960
BROOKLYN NETS,https://www.nba.com/player/1718,Paul Pierce,F,2014,2021
BROOKLYN NETS,https://www.nba.com/player/708,Kevin Garnett,F,2014-2015,2020
BROOKLYN NETS,https://www.nba.com/player/467,Jason Kidd,G,2001-2008,2018
BROOKLYN NETS,https://www.nba.com/player/76385,Maurice Cheeks,G,1992-1993,2018
BROOKLYN NETS,https://www.nba.com/player/87,Dikembe Mutombo,C,2003,2015
BROOKLYN NETS,https://www.nba.com/player/297,Alonzo Mourning,C,2004-2005,2014
BROOKLYN NETS,https://www.nba.com/player/77264,Bernard King,F,"1978-1979, 1993",2013
BROOKLYN NETS,https://www.nba.com/player/76502,Mel Daniels,C,1977,2012
BROOKLYN NETS,https://www.nba.com/player/77845,Drazen Petrovic,G,1991-1993,2002
BROOKLYN NETS,https://www.nba.com/player/77498,Bob McAdoo,C-F,1981,2000
BROOKLYN NETS,https://www.nba.com/player/76681,Julius Erving,F,1974-1976,1993
BROOKLYN NETS,https://www.nba.com/player/76054,Tiny Archibald,G,1977,1991
BROOKLYN NETS,https://www.nba.com/player/600013,Rick Barry,F,1971-1972,1987
NEW YORK KNICKS,https://www.nba.com/player/78500,Paul Westphal,G,1982-1983,2019
NEW YORK KNICKS,https://www.nba.com/player/467,Jason Kidd,G,2012-2013,2018
NEW YORK KNICKS,https://www.nba.com/player/76385,Maurice Cheeks,G,1989-1991,2018
NEW YORK KNICKS,https://www.nba.com/player/1503,Tracy McGrady,G-F,2010,2017
NEW YORK KNICKS,https://www.nba.com/player/87,Dikembe Mutombo,C,2004,2015
NEW YORK KNICKS,https://www.nba.com/player/76981,Spencer Haywood,F,1976-1979,2015
NEW YORK KNICKS,https://www.nba.com/player/76404,Nat Clifton,F,1952-1957,2014
NEW YORK KNICKS,https://www.nba.com/player/77264,Bernard King,F,1983-1987,2013
NEW YORK KNICKS,https://www.nba.com/player/76902,Richie Guerin,G,1957-1964,2013
NEW YORK KNICKS,https://www.nba.com/player/121,Patrick Ewing,C,1986-2000,2008
NEW YORK KNICKS,https://www.nba.com/player/77498,Bob McAdoo,C-F,1977-1979,2000
NEW YORK KNICKS,https://www.nba.com/player/77537,Dick McGuire,G,1950-1957,1993
NEW YORK KNICKS,https://www.nba.com/player/76144,Walt Bellamy,C,1966-1969,1993
NEW YORK KNICKS,https://www.nba.com/player/76773,Harry Gallatin,F,1949-1957,1991
NEW YORK KNICKS,https://www.nba.com/player/600006,Earl Monroe,G,1972-1980,1990
NEW YORK KNICKS,https://www.nba.com/player/76750,Walt Frazier,G,1968-1977,1987
NEW YORK KNICKS,https://www.nba.com/player/76233,Bill Bradley,F,1968-1977,1983
NEW YORK KNICKS,https://www.nba.com/player/76545,Dave DeBusschere,F,1969-1974,1983
NEW YORK KNICKS,https://www.nba.com/player/77480,Slater Martin,G,1957,1982
NEW YORK KNICKS,https://www.nba.com/player/77929,Willis Reed,C,1965-1974,1982
NEW YORK KNICKS,https://www.nba.com/player/77418,Jerry Lucas,F,1972-1974,1980
NEW YORK KNICKS,https://www.nba.com/player/76828,Tom Gola,G,1963-1966,1976
PHILADELPHIA 76ERS,https://www.nba.com/player/185,Chris Webber,F,2006-2007,2021
PHILADELPHIA 76ERS,https://www.nba.com/player/389,Toni Kukoc,F,2000-2001,2021
PHILADELPHIA 76ERS,https://www.nba.com/player/77193,Bobby Jones,F,1979-1986,2019
PHILADELPHIA 76ERS,https://www.nba.com/player/76385,Maurice Cheeks,G,1978-1989,2018
PHILADELPHIA 76ERS,https://www.nba.com/player/77532,George McGinnis,F,1975-1978,2017
PHILADELPHIA 76ERS,https://www.nba.com/player/947,Allen Iverson,G,"1997-2007, 2010",2016
PHILADELPHIA 76ERS,https://www.nba.com/player/87,Dikembe Mutombo,C,2001-2002,2015
PHILADELPHIA 76ERS,https://www.nba.com/player/78435,Chet Walker,F,1963-1969,2012
PHILADELPHIA 76ERS,https://www.nba.com/player/787,Charles Barkley,F,1985-1992,2006
PHILADELPHIA 76ERS,https://www.nba.com/player/77449,Moses Malone,C,"1983-1986, 1994",2001
PHILADELPHIA 76ERS,https://www.nba.com/player/77498,Bob McAdoo,C-F,1986,2000
PHILADELPHIA 76ERS,https://www.nba.com/player/77070,Bailey Howell,F,1971,1997
PHILADELPHIA 76ERS,https://www.nba.com/player/78628,George Yardley,F,1960,1996
PHILADELPHIA 76ERS,https://www.nba.com/player/76681,Julius Erving,F,1977-1987,1993
PHILADELPHIA 76ERS,https://www.nba.com/player/76487,Billy Cunningham,F,"1966-1972, 1975-1976",1986
PHILADELPHIA 76ERS,https://www.nba.com/player/76373,Al Cervi,G,1950-1953,1985
PHILADELPHIA 76ERS,https://www.nba.com/player/76882,Hal Greer,G,1959-1973,1982
PHILADELPHIA 76ERS,https://www.nba.com/player/76375,Wilt Chamberlain,C,1965-1968,1979
PHILADELPHIA 76ERS,https://www.nba.com/player/78076,Dolph Schayes,F,1950-1964,1973
TORONTO RAPTORS,https://www.nba.com/player/2547,Chris Bosh,F-C,2004-2010,2021
TORONTO RAPTORS,https://www.nba.com/player/1503,Tracy McGrady,G-F,1997-2000,2017
TORONTO RAPTORS,https://www.nba.com/player/165,Hakeem Olajuwon,C,2002,2008
CHICAGO BULLS,https://www.nba.com/player/2548,Dwyane Wade,G,2016-2017,2023
CHICAGO BULLS,https://www.nba.com/player/2200,Pau Gasol,F-C,2014-2016,2023
CHICAGO BULLS,https://www.nba.com/player/1112,Ben Wallace,C-F,2007-2008,2021
CHICAGO BULLS,https://www.nba.com/player/389,Toni Kukoc,F,1994-2000,2021
CHICAGO BULLS,https://www.nba.com/player/77371,"Bobby ""Slick"" Leonard",G,1962,2014
CHICAGO BULLS,https://www.nba.com/player/78003,Guy Rodgers,G,1967-1968,2014
CHICAGO BULLS,https://www.nba.com/player/78435,Chet Walker,F,1970-1975,2012
CHICAGO BULLS,https://www.nba.com/player/600014,Artis Gilmore,C,"1977-1982, 1988",2011
CHICAGO BULLS,https://www.nba.com/player/23,Dennis Rodman,F,1996-1998,2011
CHICAGO BULLS,https://www.nba.com/player/937,Scottie Pippen,F,"1988-1998, 2004",2010
CHICAGO BULLS,https://www.nba.com/player/893,Michael Jordan,G,"1985-1993, 1995-1998",2009
CHICAGO BULLS,https://www.nba.com/player/305,Robert Parish,C,1997,2003
CHICAGO BULLS,https://www.nba.com/player/76804,George Gervin,G-F,1986,1996
CHICAGO BULLS,https://www.nba.com/player/600001,Nate Thurmond,C,1975-1976,1985
CLEVELAND CAVALIERS,https://www.nba.com/player/2548,Dwyane Wade,G,2017-2018,2023
CLEVELAND CAVALIERS,https://www.nba.com/player/1112,Ben Wallace,C-F,2008-2009,2021
CLEVELAND CAVALIERS,https://www.nba.com/player/406,Shaquille O'Neal,C,2010,2016
CLEVELAND CAVALIERS,https://www.nba.com/player/78530,Lenny Wilkens,G,1973-1974,1989
CLEVELAND CAVALIERS,https://www.nba.com/player/76750,Walt Frazier,G,1978-1980,1987
CLEVELAND CAVALIERS,https://www.nba.com/player/600001,Nate Thurmond,C,1976-1977,1985
DETROIT PISTONS,https://www.nba.com/player/1112,Ben Wallace,C-F,"2001-2006, 2010-2012",2021
DETROIT PISTONS,https://www.nba.com/player/185,Chris Webber,F,2007,2021
DETROIT PISTONS,https://www.nba.com/player/76442,Chuck Cooper,F,1956,2019
DETROIT PISTONS,https://www.nba.com/player/255,Grant Hill,F,1994-2000,2018
DETROIT PISTONS,https://www.nba.com/player/1503,Tracy McGrady,G-F,2010-2011,2017
DETROIT PISTONS,https://www.nba.com/player/947,Allen Iverson,G,2009,2016
DETROIT PISTONS,https://www.nba.com/player/76404,Nat Clifton,F,1952-1957,2014
DETROIT PISTONS,https://www.nba.com/player/23,Dennis Rodman,F,1987-1993,2011
DETROIT PISTONS,https://www.nba.com/player/76504,Adrian Dantley,F,1987-1989,2008
DETROIT PISTONS,https://www.nba.com/player/247,Joe Dumars,G,1986-1996,2006
DETROIT PISTONS,https://www.nba.com/player/77498,Bob McAdoo,C-F,1980-1981,2000
DETROIT PISTONS,https://www.nba.com/player/202738,Isiah Thomas,G,1982-1994,2000
DETROIT PISTONS,https://www.nba.com/player/77070,Bailey Howell,F,1961-1964,1997
DETROIT PISTONS,https://www.nba.com/player/78628,George Yardley,F,1954-1959,1996
DETROIT PISTONS,https://www.nba.com/player/77537,Dick McGuire,G,1959-1960,1993
DETROIT PISTONS,https://www.nba.com/player/76144,Walt Bellamy,C,1969-1970,1993
DETROIT PISTONS,https://www.nba.com/player/600005,Bob Lanier,C,1971-1980,1992
DETROIT PISTONS,https://www.nba.com/player/76773,Harry Gallatin,F,1958,1991
DETROIT PISTONS,https://www.nba.com/player/76166,Dave Bing,G,1967-1975,1990
DETROIT PISTONS,https://www.nba.com/player/77062,Bob Houbregs,F,1955-1958,1987
DETROIT PISTONS,https://www.nba.com/player/76545,Dave DeBusschere,F,1963-1969,1983
DETROIT PISTONS,https://www.nba.com/player/77853,Andy Phillip,G,1953-1956,1961
INDIANA PACERS,https://www.nba.com/player/896,Tim Hardaway,G,2003,2022
INDIANA PACERS,https://www.nba.com/player/77532,George McGinnis,F,"1972-1975, 1980-1982",2017
INDIANA PACERS,,"Bobby ""Slick"" Leonard",Coach,1969-1980,2014
INDIANA PACERS,https://www.nba.com/player/76286,Roger Brown,F,"1968-1974, 1976",2013
INDIANA PACERS,https://www.nba.com/player/76502,Mel Daniels,C,1969-1974,2012
INDIANA PACERS,https://www.nba.com/player/397,Reggie Miller,G,1988-2005,2012
INDIANA PACERS,https://www.nba.com/player/904,Chris Mullin,F,1998-2000,2011
INDIANA PACERS,https://www.nba.com/player/77150,Gus Johnson,F,1973,2010
INDIANA PACERS,https://www.nba.com/player/76504,Adrian Dantley,F,1978,2008
INDIANA PACERS,https://www.nba.com/player/76673,Alex English,F,1979-1980,1997
MILWAUKEE BUCKS,https://www.nba.com/player/2200,Pau Gasol,F-C,2018-2019,2023
MILWAUKEE BUCKS,https://www.nba.com/player/76500,Bob Dandridge,F,"1970-1977, 1982",2021
MILWAUKEE BUCKS,https://www.nba.com/player/389,Toni Kukoc,F,2003-2006,2021
MILWAUKEE BUCKS,https://www.nba.com/player/78149,Jack Sikma,C,1987-1991,2019
MILWAUKEE BUCKS,https://www.nba.com/player/77626,Sidney Moncrief,G,1980-1989,2019
MILWAUKEE BUCKS,https://www.nba.com/player/951,Ray Allen,G,1996-2003,2018
MILWAUKEE BUCKS,https://www.nba.com/player/78003,Guy Rodgers,G,1969-1970,2014
MILWAUKEE BUCKS,https://www.nba.com/player/56,Gary Payton,G,2003,2013
MILWAUKEE BUCKS,https://www.nba.com/player/76504,Adrian Dantley,F,1991,2008
MILWAUKEE BUCKS,https://www.nba.com/player/77449,Moses Malone,C,1992-1993,2001
MILWAUKEE BUCKS,https://www.nba.com/player/76673,Alex English,F,1977-1978,1997
MILWAUKEE BUCKS,https://www.nba.com/player/76003,Kareem Abdul-Jabbar,C,1970-1975,1995
MILWAUKEE BUCKS,https://www.nba.com/player/600005,Bob Lanier,C,1980-1984,1992
MILWAUKEE BUCKS,https://www.nba.com/player/76462,Dave Cowens,C,1983,1991
MILWAUKEE BUCKS,https://www.nba.com/player/76054,Tiny Archibald,G,1984,1991
MILWAUKEE BUCKS,https://www.nba.com/player/600015,Oscar Robertson,G,1971-1974,1980
ATLANTA HAWKS,https://www.nba.com/player/77074,Lou Hudson,G-F,1967-1977,2022
ATLANTA HAWKS,https://www.nba.com/player/389,Toni Kukoc,F,2001-2002,2021
ATLANTA HAWKS,https://www.nba.com/player/76442,Chuck Cooper,F,1955-1956,2019
ATLANTA HAWKS,https://www.nba.com/player/77626,Sidney Moncrief,G,1991,2019
ATLANTA HAWKS,https://www.nba.com/player/76385,Maurice Cheeks,G,1991-1992,2018
ATLANTA HAWKS,https://www.nba.com/player/1503,Tracy McGrady,G-F,2011-2012,2017
ATLANTA HAWKS,https://www.nba.com/player/76133,Zelmo Beaty,C,1963-1968,2016
ATLANTA HAWKS,https://www.nba.com/player/87,Dikembe Mutombo,C,1997-2001,2015
ATLANTA HAWKS,https://www.nba.com/player/76902,Richie Guerin,G,1964-1970,2013
ATLANTA HAWKS,https://www.nba.com/player/1122,Dominique Wilkins,F,1983-1994,2006
ATLANTA HAWKS,https://www.nba.com/player/77449,Moses Malone,C,1989-1991,2001
ATLANTA HAWKS,https://www.nba.com/player/76144,Walt Bellamy,C,1970-1974,1993
ATLANTA HAWKS,https://www.nba.com/player/76972,Connie Hawkins,F,1976,1992
ATLANTA HAWKS,https://www.nba.com/player/78530,Lenny Wilkens,G,1961-1968,1989
ATLANTA HAWKS,https://www.nba.com/player/77414,Clyde Lovellette,C,1959-1962,1988
ATLANTA HAWKS,https://www.nba.com/player/77062,Bob Houbregs,F,1954,1987
ATLANTA HAWKS,https://www.nba.com/player/77459,Pete Maravich,G,1971-1974,1987
ATLANTA HAWKS,https://www.nba.com/player/77480,Slater Martin,G,1957-1960,1982
ATLANTA HAWKS,https://www.nba.com/player/76912,Cliff Hagan,F,1957-1966,1978
ATLANTA HAWKS,https://www.nba.com/player/77847,Bob Pettit,F,1955-1965,1971
ATLANTA HAWKS,https://www.nba.com/player/77429,Ed Macauley,C,1957-1959,1960
CHARLOTTE HORNETS,https://www.nba.com/player/2225,Tony Parker,G,2018-2019,2023
CHARLOTTE HORNETS,https://www.nba.com/player/124,Vlade Divac,C,1997-1998,2019
CHARLOTTE HORNETS,https://www.nba.com/player/297,Alonzo Mourning,C,1993-1995,2014
CHARLOTTE HORNETS,https://www.nba.com/player/305,Robert Parish,C,1995-1996,2003
MIAMI HEAT,https://www.nba.com/player/2548,Dwyane Wade,G,"2003-2016, 2017-2019",2023
MIAMI HEAT,https://www.nba.com/player/896,Tim Hardaway,G,1996-2001,2022
MIAMI HEAT,https://www.nba.com/player/2547,Chris Bosh,F-C,2011-2017,2021
MIAMI HEAT,https://www.nba.com/player/951,Ray Allen,G,2012-2014,2018
MIAMI HEAT,https://www.nba.com/player/406,Shaquille O'Neal,C,2005-2008,2016
MIAMI HEAT,https://www.nba.com/player/297,Alonzo Mourning,C,"1996-2007, 2008",2014
MIAMI HEAT,https://www.nba.com/player/56,Gary Payton,G,2006-2007,2013
ORLANDO MAGIC,https://www.nba.com/player/1112,Ben Wallace,C-F,2000,2021
ORLANDO MAGIC,https://www.nba.com/player/255,Grant Hill,F,2000-2007,2018
ORLANDO MAGIC,https://www.nba.com/player/1503,Tracy McGrady,G-F,2000-2004,2017
ORLANDO MAGIC,https://www.nba.com/player/406,Shaquille O'Neal,C,1993-1996,2016
ORLANDO MAGIC,https://www.nba.com/player/121,Patrick Ewing,C,2002,2008
ORLANDO MAGIC,https://www.nba.com/player/1122,Dominique Wilkins,F,1999,2006
WASHINGTON WIZARDS,https://www.nba.com/player/1112,Ben Wallace,C-F,1997-1999,2021
WASHINGTON WIZARDS,https://www.nba.com/player/76500,Bob Dandridge,F,1978-1981,2021
WASHINGTON WIZARDS,https://www.nba.com/player/185,Chris Webber,F,1995-1998,2021
WASHINGTON WIZARDS,https://www.nba.com/player/1718,Paul Pierce,F,2015,2021
WASHINGTON WIZARDS,https://www.nba.com/player/76981,Spencer Haywood,F,1982-1983,2015
WASHINGTON WIZARDS,https://www.nba.com/player/782,Mitch Richmond,G,1999-2001,2014
WASHINGTON WIZARDS,https://www.nba.com/player/77264,Bernard King,F,1988-1991,2013
WASHINGTON WIZARDS,https://www.nba.com/player/78055,Ralph Sampson,C,1992,2012
WASHINGTON WIZARDS,https://www.nba.com/player/77150,Gus Johnson,F,1964-1972,2010
WASHINGTON WIZARDS,https://www.nba.com/player/893,Michael Jordan,G,2002-2003,2009
WASHINGTON WIZARDS,https://www.nba.com/player/77449,Moses Malone,C,1987-1988,2001
WASHINGTON WIZARDS,https://www.nba.com/player/77070,Bailey Howell,F,1965-1966,1997
WASHINGTON WIZARDS,https://www.nba.com/player/76144,Walt Bellamy,C,1962-1966,1993
WASHINGTON WIZARDS,https://www.nba.com/player/76166,Dave Bing,G,1976-1977,1990
WASHINGTON WIZARDS,https://www.nba.com/player/600006,Earl Monroe,G,1968-1972,1990
WASHINGTON WIZARDS,https://www.nba.com/player/76979,Elvin Hayes,F,1973-1981,1990
WASHINGTON WIZARDS,https://www.nba.com/player/78392,Wes Unseld,C,1969-1981,1988
DENVER NUGGETS,https://www.nba.com/player/896,Tim Hardaway,G,2002,2022
DENVER NUGGETS,https://www.nba.com/player/77193,Bobby Jones,F,1975-1978,2019
DENVER NUGGETS,https://www.nba.com/player/78097,Charlie Scott,G,1979-1980,2018
DENVER NUGGETS,https://www.nba.com/player/77532,George McGinnis,F,1978-1980,2017
DENVER NUGGETS,https://www.nba.com/player/947,Allen Iverson,G,2007-2009,2016
DENVER NUGGETS,https://www.nba.com/player/87,Dikembe Mutombo,C,1992-1996,2015
DENVER NUGGETS,https://www.nba.com/player/76981,Spencer Haywood,F,1970,2015
DENVER NUGGETS,https://www.nba.com/player/36,Sarunas Marciulionis,G,1997,2014
DENVER NUGGETS,https://www.nba.com/player/76673,Alex English,F,1980-1990,1997
DENVER NUGGETS,https://www.nba.com/player/78326,David Thompson,G,1976-1982,1996
DENVER NUGGETS,https://www.nba.com/player/77097,Dan Issel,C,1976-1985,1993
MINNESOTA TIMBERWOLVES,https://www.nba.com/player/708,Kevin Garnett,F,"1996-2007, 2015-2016",2020
OKLAHOMA CITY THUNDER,https://www.nba.com/player/78149,Jack Sikma,C,1978-1986,2019
OKLAHOMA CITY THUNDER,https://www.nba.com/player/78500,Paul Westphal,G,1981,2019
OKLAHOMA CITY THUNDER,https://www.nba.com/player/951,Ray Allen,G,2002-2007,2018
OKLAHOMA CITY THUNDER,https://www.nba.com/player/76981,Spencer Haywood,F,1971-1975,2015
OKLAHOMA CITY THUNDER,https://www.nba.com/player/36,Sarunas Marciulionis,G,1995,2014
OKLAHOMA CITY THUNDER,https://www.nba.com/player/56,Gary Payton,G,1991-2003,2013
OKLAHOMA CITY THUNDER,https://www.nba.com/player/77141,Dennis Johnson,G,1977-1980,2010
OKLAHOMA CITY THUNDER,https://www.nba.com/player/121,Patrick Ewing,C,2001,2008
OKLAHOMA CITY THUNDER,https://www.nba.com/player/78326,David Thompson,G,1983-1984,1996
OKLAHOMA CITY THUNDER,https://www.nba.com/player/78530,Lenny Wilkens,G,1969-1972,1989
PORTLAND TRAIL BLAZERS,https://www.nba.com/player/717,Arvydas Sabonis,C,1996-2003,2011
PORTLAND TRAIL BLAZERS,https://www.nba.com/player/937,Scottie Pippen,F,2000-2003,2010
PORTLAND TRAIL BLAZERS,https://www.nba.com/player/17,Clyde Drexler,G,1984-1995,2004
PORTLAND TRAIL BLAZERS,https://www.nba.com/player/77845,Drazen Petrovic,G,1990-1991,2002
PORTLAND TRAIL BLAZERS,https://www.nba.com/player/78450,Bill Walton,C,1975-1978,1993
PORTLAND TRAIL BLAZERS,https://www.nba.com/player/78530,Lenny Wilkens,G,1975,1989
UTAH JAZZ,https://www.nba.com/player/77264,Bernard King,F,1980,2013
UTAH JAZZ,https://www.nba.com/player/252,Karl Malone,F,1986-2003,2010
UTAH JAZZ,https://www.nba.com/player/304,John Stockton,G,1985-2003,2009
UTAH JAZZ,https://www.nba.com/player/76504,Adrian Dantley,F,1980-1986,2008
UTAH JAZZ,https://www.nba.com/player/76832,Gail Goodrich,G,1977-1979,1996
UTAH JAZZ,https://www.nba.com/player/76144,Walt Bellamy,C,1975,1993
UTAH JAZZ,https://www.nba.com/player/77459,Pete Maravich,G,1975-1980,1987
GOLDEN STATE WARRIORS,https://www.nba.com/player/896,Tim Hardaway,G,1990-1996,2022
GOLDEN STATE WARRIORS,https://www.nba.com/player/185,Chris Webber,F,"1994, 2008",2021
GOLDEN STATE WARRIORS,https://www.nba.com/player/78510,Jo Jo White,G,1979-1980,2015
GOLDEN STATE WARRIORS,https://www.nba.com/player/78003,Guy Rodgers,G,1959-1966,2014
GOLDEN STATE WARRIORS,https://www.nba.com/player/782,Mitch Richmond,G,1989-1991,2014
GOLDEN STATE WARRIORS,https://www.nba.com/player/36,Sarunas Marciulionis,G,1990-1993,2014
GOLDEN STATE WARRIORS,https://www.nba.com/player/77264,Bernard King,F,1981-1982,2013
GOLDEN STATE WARRIORS,https://www.nba.com/player/78532,Jamaal Wilkes,F,1975-1977,2012
GOLDEN STATE WARRIORS,https://www.nba.com/player/78055,Ralph Sampson,C,1988-1989,2012
GOLDEN STATE WARRIORS,https://www.nba.com/player/904,Chris Mullin,F,"1986-1997, 2001",2011
GOLDEN STATE WARRIORS,https://www.nba.com/player/305,Robert Parish,C,1977-1980,2003
GOLDEN STATE WARRIORS,https://www.nba.com/player/77169,Neil Johnston,C,1952-1959,1990
GOLDEN STATE WARRIORS,https://www.nba.com/player/600013,Rick Barry,F,"1966-1967, 1973-1978",1987
GOLDEN STATE WARRIORS,https://www.nba.com/player/600001,Nate Thurmond,C,1964-1974,1985
GOLDEN STATE WARRIORS,https://www.nba.com/player/77418,Jerry Lucas,F,1970-1971,1980
GOLDEN STATE WARRIORS,https://www.nba.com/player/76375,Wilt Chamberlain,C,1960-1965,1979
GOLDEN STATE WARRIORS,https://www.nba.com/player/76764,Joe Fulks,F,1947-1954,1978
GOLDEN STATE WARRIORS,https://www.nba.com/player/76056,Paul Arizin,F,"1951-1952, 1955-1962",1978
GOLDEN STATE WARRIORS,https://www.nba.com/player/76828,Tom Gola,G,"1956, 1958-1963",1976
GOLDEN STATE WARRIORS,https://www.nba.com/player/77853,Andy Phillip,G,1951-1953,1961
LA CLIPPERS,https://www.nba.com/player/1718,Paul Pierce,F,2016-2017,2021
LA CLIPPERS,https://www.nba.com/player/255,Grant Hill,F,2012-2013,2018
LA CLIPPERS,https://www.nba.com/player/78532,Jamaal Wilkes,F,1986,2012
LA CLIPPERS,https://www.nba.com/player/76504,Adrian Dantley,F,1977,2008
LA CLIPPERS,https://www.nba.com/player/1122,Dominique Wilkins,F,1994,2006
LA CLIPPERS,https://www.nba.com/player/77449,Moses Malone,C,1977,2001
LA CLIPPERS,https://www.nba.com/player/77498,Bob McAdoo,C-F,1973-1977,2000
LA CLIPPERS,https://www.nba.com/player/78450,Bill Walton,C,1980-1985,1993
LOS ANGELES LAKERS,https://www.nba.com/player/2200,Pau Gasol,F-C,2007-2014,2023
LOS ANGELES LAKERS,https://www.nba.com/player/77074,Lou Hudson,G-F,1978-1979,2022
LOS ANGELES LAKERS,https://www.nba.com/player/977,Kobe Bryant,G,1997-2016,2020
LOS ANGELES LAKERS,https://www.nba.com/player/124,Vlade Divac,C,"1990-1996, 2005",2019
LOS ANGELES LAKERS,https://www.nba.com/player/78097,Charlie Scott,G,1978,2018
LOS ANGELES LAKERS,https://www.nba.com/player/959,Steve Nash,G,2012-2014,2018
LOS ANGELES LAKERS,https://www.nba.com/player/406,Shaquille O'Neal,C,1997-2004,2016
LOS ANGELES LAKERS,https://www.nba.com/player/76133,Zelmo Beaty,C,1975,2016
LOS ANGELES LAKERS,https://www.nba.com/player/76981,Spencer Haywood,F,1980,2015
LOS ANGELES LAKERS,https://www.nba.com/player/77371,"Bobby ""Slick"" Leonard",G,1957-1961,2014
LOS ANGELES LAKERS,https://www.nba.com/player/782,Mitch Richmond,G,2002,2014
LOS ANGELES LAKERS,https://www.nba.com/player/56,Gary Payton,G,2004,2013
LOS ANGELES LAKERS,https://www.nba.com/player/78532,Jamaal Wilkes,F,1978-1985,2012
LOS ANGELES LAKERS,https://www.nba.com/player/23,Dennis Rodman,F,1999,2011
LOS ANGELES LAKERS,https://www.nba.com/player/252,Karl Malone,F,2004,2010
LOS ANGELES LAKERS,https://www.nba.com/player/76504,Adrian Dantley,F,1978-1979,2008
LOS ANGELES LAKERS,https://www.nba.com/player/1460,James Worthy,F,1983-1994,2003
LOS ANGELES LAKERS,https://www.nba.com/player/77142,Magic Johnson,G,"1980-1991, 1996",2002
LOS ANGELES LAKERS,https://www.nba.com/player/77498,Bob McAdoo,C-F,1982-1985,2000
LOS ANGELES LAKERS,https://www.nba.com/player/76832,Gail Goodrich,G,"1966-1968, 1971-1976",1996
LOS ANGELES LAKERS,https://www.nba.com/player/76003,Kareem Abdul-Jabbar,C,1976-1989,1995
LOS ANGELES LAKERS,https://www.nba.com/player/77593,Vern Mikkelsen,F,1950-1959,1995
LOS ANGELES LAKERS,https://www.nba.com/player/76972,Connie Hawkins,F,1974-1975,1992
LOS ANGELES LAKERS,https://www.nba.com/player/77414,Clyde Lovellette,C,1954-1957,1988
LOS ANGELES LAKERS,https://www.nba.com/player/77480,Slater Martin,G,1950-1956,1982
LOS ANGELES LAKERS,https://www.nba.com/player/78497,Jerry West,G,1961-1974,1980
LOS ANGELES LAKERS,https://www.nba.com/player/76375,Wilt Chamberlain,C,1969-1973,1979
LOS ANGELES LAKERS,https://www.nba.com/player/77867,Jim Pollard,F,1949-1955,1978
LOS ANGELES LAKERS,https://www.nba.com/player/76127,Elgin Baylor,F,1959-1972,1977
LOS ANGELES LAKERS,https://www.nba.com/player/600012,George Mikan,C,1949-1956,1959
PHOENIX SUNS,https://www.nba.com/player/78500,Paul Westphal,G,"1976-1980, 1984",2019
PHOENIX SUNS,https://www.nba.com/player/78097,Charlie Scott,G,1971-1975,2018
PHOENIX SUNS,https://www.nba.com/player/255,Grant Hill,F,2007-2012,2018
PHOENIX SUNS,https://www.nba.com/player/467,Jason Kidd,G,1996-2001,2018
PHOENIX SUNS,https://www.nba.com/player/959,Steve Nash,G,"1996-1998, 2004-2012",2018
PHOENIX SUNS,https://www.nba.com/player/406,Shaquille O'Neal,C,2008-2009,2016
PHOENIX SUNS,https://www.nba.com/player/77141,Dennis Johnson,G,1981-1983,2010
PHOENIX SUNS,https://www.nba.com/player/77150,Gus Johnson,F,1973,2010
PHOENIX SUNS,https://www.nba.com/player/787,Charles Barkley,F,1993-1996,2006
PHOENIX SUNS,https://www.nba.com/player/76832,Gail Goodrich,G,1969-1970,1996
PHOENIX SUNS,https://www.nba.com/player/76972,Connie Hawkins,F,1970-1974,1992
SACRAMENTO KINGS,https://www.nba.com/player/185,Chris Webber,F,1999-2005,2021
SACRAMENTO KINGS,https://www.nba.com/player/124,Vlade Divac,C,1999-2004,2019
SACRAMENTO KINGS,https://www.nba.com/player/78510,Jo Jo White,G,1981,2015
SACRAMENTO KINGS,https://www.nba.com/player/78003,Guy Rodgers,G,1968,2014
SACRAMENTO KINGS,https://www.nba.com/player/782,Mitch Richmond,G,1992-1998,2014
SACRAMENTO KINGS,https://www.nba.com/player/36,Sarunas Marciulionis,G,1996,2014
SACRAMENTO KINGS,https://www.nba.com/player/78055,Ralph Sampson,C,1990-1991,2012
SACRAMENTO KINGS,https://www.nba.com/player/600016,Maurice Stokes,F,1956-1958,2004
SACRAMENTO KINGS,https://www.nba.com/player/77967,Arnie Risen,C,1949-1955,1998
SACRAMENTO KINGS,https://www.nba.com/player/76054,Tiny Archibald,G,1971-1976,1991
SACRAMENTO KINGS,https://www.nba.com/player/77414,Clyde Lovellette,C,1958,1988
SACRAMENTO KINGS,https://www.nba.com/player/78453,Bobby Wanzer,G,1949-1957,1987
SACRAMENTO KINGS,https://www.nba.com/player/78388,Jack Twyman,F,1956-1966,1983
SACRAMENTO KINGS,https://www.nba.com/player/77418,Jerry Lucas,F,1964-1970,1980
SACRAMENTO KINGS,https://www.nba.com/player/600015,Oscar Robertson,G,1961-1970,1980
SACRAMENTO KINGS,https://www.nba.com/player/600003,Bob Cousy,G,1970,1971
SACRAMENTO KINGS,https://www.nba.com/player/76514,Bob Davies,G,1949-1955,1970
DALLAS MAVERICKS,https://www.nba.com/player/1717,Dirk Nowitzki,F-C,1998-2019,2023
DALLAS MAVERICKS,https://www.nba.com/player/896,Tim Hardaway,G,2002,2022
DALLAS MAVERICKS,https://www.nba.com/player/467,Jason Kidd,G,"1994-1997, 2007-2012",2018
DALLAS MAVERICKS,https://www.nba.com/player/959,Steve Nash,G,1998-2004,2018
DALLAS MAVERICKS,https://www.nba.com/player/23,Dennis Rodman,F,2000,2011
DALLAS MAVERICKS,https://www.nba.com/player/76504,Adrian Dantley,F,1989-1990,2008
DALLAS MAVERICKS,https://www.nba.com/player/76673,Alex English,F,1991,1997
HOUSTON ROCKETS,https://www.nba.com/player/1503,Tracy McGrady,G-F,2004-2010,2017
HOUSTON ROCKETS,https://www.nba.com/player/2397,Yao Ming,C,2003-2011,2016
HOUSTON ROCKETS,https://www.nba.com/player/87,Dikembe Mutombo,C,2005-2009,2015
HOUSTON ROCKETS,https://www.nba.com/player/78055,Ralph Sampson,C,1984-1988,2012
HOUSTON ROCKETS,https://www.nba.com/player/937,Scottie Pippen,F,1999,2010
HOUSTON ROCKETS,https://www.nba.com/player/165,Hakeem Olajuwon,C,1985-2001,2008
HOUSTON ROCKETS,https://www.nba.com/player/787,Charles Barkley,F,1997-2000,2006
HOUSTON ROCKETS,https://www.nba.com/player/17,Clyde Drexler,G,1995-1998,2004
HOUSTON ROCKETS,https://www.nba.com/player/77449,Moses Malone,C,1977-1982,2001
HOUSTON ROCKETS,https://www.nba.com/player/77669,Calvin Murphy,G,1971-1983,1993
HOUSTON ROCKETS,https://www.nba.com/player/76979,Elvin Hayes,F,"1969-1972, 1982-1984",1990
HOUSTON ROCKETS,https://www.nba.com/player/600013,Rick Barry,F,1979-1980,1987
MEMPHIS GRIZZLIES,https://www.nba.com/player/2200,Pau Gasol,F-C,2001-2008,2023
MEMPHIS GRIZZLIES,https://www.nba.com/player/947,Allen Iverson,G,2010,2016
NEW ORLEANS PELICANS,https://www.nba.com/player/76981,Spencer Haywood,F,1979,2015
SAN ANTONIO SPURS,https://www.nba.com/player/2200,Pau Gasol,F-C,2016-2019,2023
SAN ANTONIO SPURS,https://www.nba.com/player/2225,Tony Parker,G,2001-2018,2023
SAN ANTONIO SPURS,https://www.nba.com/player/1938,Manu Ginobili,G,2003-2018,2022
SAN ANTONIO SPURS,https://www.nba.com/player/1495,Tim Duncan,F-C,1998-2016,2020
SAN ANTONIO SPURS,https://www.nba.com/player/76385,Maurice Cheeks,G,1989-1990,2018
SAN ANTONIO SPURS,https://www.nba.com/player/76499,Louie Dampier,G,1977-1979,2015
SAN ANTONIO SPURS,https://www.nba.com/player/600014,Artis Gilmore,C,1983-1987,2011
SAN ANTONIO SPURS,https://www.nba.com/player/23,Dennis Rodman,F,1994-1995,2011
SAN ANTONIO SPURS,https://www.nba.com/player/764,David Robinson,C,1990-2003,2009
SAN ANTONIO SPURS,https://www.nba.com/player/1122,Dominique Wilkins,F,1997,2006
SAN ANTONIO SPURS,https://www.nba.com/player/77449,Moses Malone,C,1995,2001
SAN ANTONIO SPURS,https://www.nba.com/player/76804,George Gervin,G-F,1974-1985,1996
SAN ANTONIO SPURS,https://www.nba.com/player/76912,Cliff Hagan,F,1968-1970,1978
