Player,#,Pos,Height,Weight,Birthdate,Age,Exp,School,How Acquired,Team Name,Player Link
Jayson Tatum,0,F-G,6-8,210 lbs,"MAR 03, 1998",26,7,Duke,#3 Pick In 2017 Draft,BOSTON CELTICS,https://www.nba.com/player/1628369/jayson-tatum/
Jrue Holiday,4,G,6-4,205 lbs,"JUN 12, 1990",34,15,UCLA,Traded From POR On 10/01/23,BOSTON CELTICS,https://www.nba.com/player/201950/jrue-holiday/
Jaylen Brown,7,G-F,6-6,223 lbs,"OCT 24, 1996",28,8,California,#3 Pick In 2016 Draft,BOSTON CELTICS,https://www.nba.com/player/1627759/jaylen-brown/
Kristaps Porziņģis,8,F-C,7-2,240 lbs,"AUG 02, 1995",29,8,Cajasol Sevilla,Traded From WAS On 06/23/23,BOSTON CELTICS,https://www.nba.com/player/204001/kristaps-porzi%C5%86%C4%A3is/
Derrick White,9,G,6-4,190 lbs,"JUL 02, 1994",30,7,Colorado,Traded From SAS On 02/10/22,BOSTON CELTICS,https://www.nba.com/player/1628401/derrick-white/
Payton Pritchard,11,G,6-1,195 lbs,"JAN 28, 1998",26,4,Oregon,#26 Pick In 2020 Draft,BOSTON CELTICS,https://www.nba.com/player/1630202/payton-pritchard/
Drew Peterson,13,F,6-9,205 lbs,"NOV 09, 1999",25,1,Southern California,Signed On 12/14/23,BOSTON CELTICS,https://www.nba.com/player/1641809/drew-peterson/
JD Davison,20,G,6-1,195 lbs,"OCT 03, 2002",22,2,Alabama,#53 Pick In 2022 Draft,BOSTON CELTICS,https://www.nba.com/player/1631120/jd-davison/
Xavier Tillman,26,F,6-7,245 lbs,"JAN 12, 1999",25,4,Michigan State,Traded From MEM On 02/07/24,BOSTON CELTICS,https://www.nba.com/player/1630214/xavier-tillman/
Jordan Walsh,27,G,6-6,205 lbs,"MAR 03, 2004",20,1,Arkansas,Draft Rights Traded From SAC On 06/28/23,BOSTON CELTICS,https://www.nba.com/player/1641775/jordan-walsh/
Anton Watson,28,F,6-8,225 lbs,"OCT 06, 2000",24,R,Gonzaga,#54 Pick In 2024 Draft,BOSTON CELTICS,https://www.nba.com/player/1641817/anton-watson/
Sam Hauser,30,F,6-7,217 lbs,"DEC 08, 1997",26,3,Virginia,Signed On 08/13/21,BOSTON CELTICS,https://www.nba.com/player/1630573/sam-hauser/
Luke Kornet,40,C-F,7-1,250 lbs,"JUL 15, 1995",29,7,Vanderbilt,Signed On 02/11/22,BOSTON CELTICS,https://www.nba.com/player/1628436/luke-kornet/
Al Horford,42,C-F,6-9,240 lbs,"JUN 03, 1986",38,17,Florida,Traded From OKC On 06/18/21,BOSTON CELTICS,https://www.nba.com/player/201143/al-horford/
Jaden Springer,44,G,6-4,202 lbs,"SEP 25, 2002",22,3,Tennessee,Traded From PHI On 02/08/24,BOSTON CELTICS,https://www.nba.com/player/1630531/jaden-springer/
Baylor Scheierman,55,G,6-6,205 lbs,"SEP 26, 2000",24,R,Creighton,#30 Pick In 2024 Draft,BOSTON CELTICS,https://www.nba.com/player/1631248/baylor-scheierman/
Neemias Queta,88,C,7-0,248 lbs,"JUL 13, 1999",25,3,Utah State,Signed On 09/19/23,BOSTON CELTICS,https://www.nba.com/player/1629674/neemias-queta/
Dariq Whitehead,0,G-F,6-6,220 lbs,"AUG 01, 2004",20,1,Duke,#22 Pick In 2023 Draft,BROOKLYN NETS,https://www.nba.com/player/1641727/dariq-whitehead/
Ziaire Williams,1,F,6-9,185 lbs,"SEP 12, 2001",23,3,Stanford,Traded From MEM On 07/19/24,BROOKLYN NETS,https://www.nba.com/player/1630533/ziaire-williams/
Cameron Johnson,2,F,6-8,210 lbs,"MAR 03, 1996",28,5,North Carolina,Traded From PHX On 02/09/23,BROOKLYN NETS,https://www.nba.com/player/1629661/cameron-johnson/
Shake Milton,7,G,6-5,205 lbs,"SEP 26, 1996",28,6,Southern Methodist,Traded From NYK On 07/06/24,BROOKLYN NETS,https://www.nba.com/player/1629003/shake-milton/
Cui Yongxi,8,F,6-5,190 lbs,"MAY 28, 2003",21,R,Guangzhou Loong Lions,Signed On 09/20/24,BROOKLYN NETS,https://www.nba.com/player/1642385/cui-yongxi/
Trendon Watford,9,G-F,6-8,237 lbs,"NOV 09, 2000",24,3,Louisiana State,Signed On 08/03/23,BROOKLYN NETS,https://www.nba.com/player/1630570/trendon-watford/
Ben Simmons,10,G-F,6-10,240 lbs,"JUL 20, 1996",28,6,Louisiana State,Traded From PHI On 02/10/22,BROOKLYN NETS,https://www.nba.com/player/1627732/ben-simmons/
Tyrese Martin,13,F,6-6,215 lbs,"MAR 07, 1999",25,1,Connecticut,Signed On 09/20/24,BROOKLYN NETS,https://www.nba.com/player/1631213/tyrese-martin/
Jaylen Martin,16,G,6-6,216 lbs,"JAN 28, 2004",20,R,Overtime Elite,Signed On 02/21/24,BROOKLYN NETS,https://www.nba.com/player/1641798/jaylen-martin/
Dennis Schröder,17,G,6-1,175 lbs,"SEP 15, 1993",31,11,Braunschweig,Traded From TOR On 02/08/24,BROOKLYN NETS,https://www.nba.com/player/203471/dennis-schr%C3%B6der/
Day'Ron Sharpe,20,C,6-9,265 lbs,"NOV 06, 2001",23,3,North Carolina,Draft Rights Traded From PHX On 08/06/21,BROOKLYN NETS,https://www.nba.com/player/1630549/dayron-sharpe/
Noah Clowney,21,F-C,6-9,210 lbs,"JUL 14, 2004",20,1,Alabama,#21 Pick In 2023 Draft,BROOKLYN NETS,https://www.nba.com/player/1641730/noah-clowney/
Jalen Wilson,22,F,6-6,220 lbs,"NOV 04, 2000",24,1,Kansas,#51 Pick In 2023 Draft,BROOKLYN NETS,https://www.nba.com/player/1630592/jalen-wilson/
Cam Thomas,24,G,6-3,210 lbs,"OCT 13, 2001",23,3,Louisiana State,#27 Pick In 2021 Draft,BROOKLYN NETS,https://www.nba.com/player/1630560/cam-thomas/
Dorian Finney-Smith,28,F,6-7,220 lbs,"MAY 04, 1993",31,8,Florida,Traded From DAL On 02/06/23,BROOKLYN NETS,https://www.nba.com/player/1627827/dorian-finney-smith/
Nic Claxton,33,C,6-11,215 lbs,"APR 17, 1999",25,5,Georgia,#31 Pick In 2019 Draft,BROOKLYN NETS,https://www.nba.com/player/1629651/nic-claxton/
Bojan Bogdanović,44,F,6-7,226 lbs,"APR 18, 1989",35,10,Fenerbahce,Traded From NYK On 07/06/24,BROOKLYN NETS,https://www.nba.com/player/202711/bojan-bogdanovi%C4%87/
Keon Johnson,45,G,6-5,185 lbs,"MAR 10, 2002",22,3,Tennessee,Signed On 11/01/23,BROOKLYN NETS,https://www.nba.com/player/1630553/keon-johnson/
Boo Buie III,,,6-2,180 lbs,"DEC 07, 1999",24,R,Northwestern,Signed On 10/07/24,NEW YORK KNICKS,https://www.nba.com/player/1642486/boo-buie-iii/
Jacob Toppin,00,F,6-8,200 lbs,"MAY 08, 2000",24,1,Kentucky,Signed On 07/06/23,NEW YORK KNICKS,https://www.nba.com/player/1631210/jacob-toppin/
Cameron Payne,1,G,6-3,183 lbs,"AUG 08, 1994",30,9,Murray State,Signed On 07/15/24,NEW YORK KNICKS,https://www.nba.com/player/1626166/cameron-payne/
Miles McBride,2,G,6-1,195 lbs,"SEP 08, 2000",24,3,West Virginia,Draft Rights Traded From OKC On 07/30/21,NEW YORK KNICKS,https://www.nba.com/player/1630540/miles-mcbride/
Josh Hart,3,G,6-4,215 lbs,"MAR 06, 1995",29,7,Villanova,Traded From POR On 02/09/23,NEW YORK KNICKS,https://www.nba.com/player/1628404/josh-hart/
Pacôme Dadiet,4,F,6-8,210 lbs,"JUL 27, 2005",19,R,Ratiopharm Ulm,#25 Pick In 2024 Draft,NEW YORK KNICKS,https://www.nba.com/player/1642359/pac%C3%B4me-dadiet/
Precious Achiuwa,5,F,6-8,243 lbs,"SEP 19, 1999",25,4,Memphis,Traded From TOR On 12/30/23,NEW YORK KNICKS,https://www.nba.com/player/1630173/precious-achiuwa/
OG Anunoby,8,F-G,6-7,240 lbs,"JUL 17, 1997",27,7,Indiana,Traded From TOR On 12/30/23,NEW YORK KNICKS,https://www.nba.com/player/1628384/og-anunoby/
Kevin McCullar Jr.,9,G,6-6,210 lbs,"MAR 15, 2001",23,R,Kansas,Draft Rights Traded From PHX On 06/27/24,NEW YORK KNICKS,https://www.nba.com/player/1641755/kevin-mccullar-jr/
Jalen Brunson,11,G,6-2,190 lbs,"AUG 31, 1996",28,6,Villanova,Signed On 07/12/22,NEW YORK KNICKS,https://www.nba.com/player/1628973/jalen-brunson/
Tyler Kolek,13,G,6-3,195 lbs,"MAR 27, 2001",23,R,Marquette,Draft Rights Traded From POR On 06/27/24,NEW YORK KNICKS,https://www.nba.com/player/1642278/tyler-kolek/
Jericho Sims,20,C,6-10,250 lbs,"OCT 20, 1998",26,3,Texas,#58 Pick In 2021 Draft,NEW YORK KNICKS,https://www.nba.com/player/1630579/jericho-sims/
Mitchell Robinson,23,C-F,7-0,240 lbs,"APR 01, 1998",26,6,Western Kentucky,#36 Pick In 2018 Draft,NEW YORK KNICKS,https://www.nba.com/player/1629011/mitchell-robinson/
Mikal Bridges,25,G-F,6-6,209 lbs,"AUG 30, 1996",28,6,Villanova,Traded From BKN On 07/06/24,NEW YORK KNICKS,https://www.nba.com/player/1628969/mikal-bridges/
Karl-Anthony Towns,32,C-F,7-0,248 lbs,"NOV 15, 1995",29,9,Kentucky,Traded From MIN On 10/02/24,NEW YORK KNICKS,https://www.nba.com/player/1626157/karl-anthony-towns/
Matt Ryan,37,F,6-6,215 lbs,"APR 17, 1997",27,3,Tennessee-Chattanooga,Signed On 11/05/24,NEW YORK KNICKS,https://www.nba.com/player/1630346/matt-ryan/
Ariel Hukporti,55,C,6-11,246 lbs,"APR 12, 2002",22,R,MHP Riesen,Draft Rights Traded From DAL On 06/27/24,NEW YORK KNICKS,https://www.nba.com/player/1630574/ariel-hukporti/
Tyrese Maxey,0,G,6-2,200 lbs,"NOV 04, 2000",24,4,Kentucky,#21 Pick In 2020 Draft,PHILADELPHIA 76ERS,https://www.nba.com/player/1630178/tyrese-maxey/
Reggie Jackson,00,G,6-2,208 lbs,"APR 16, 1990",34,13,Boston College,Signed On 07/30/24,PHILADELPHIA 76ERS,https://www.nba.com/player/202704/reggie-jackson/
KJ Martin,1,F,6-6,215 lbs,"JAN 06, 2001",23,4,IMG Academy (FL),Traded From LAC On 11/01/23,PHILADELPHIA 76ERS,https://www.nba.com/player/1630231/kj-martin/
Andre Drummond,5,C,6-11,279 lbs,"AUG 10, 1993",31,12,Connecticut,Signed On 07/07/24,PHILADELPHIA 76ERS,https://www.nba.com/player/203083/andre-drummond/
Kyle Lowry,7,G,6-0,196 lbs,"MAR 25, 1986",38,18,Villanova,Signed On 02/13/24,PHILADELPHIA 76ERS,https://www.nba.com/player/200768/kyle-lowry/
Paul George,8,F,6-8,220 lbs,"MAY 02, 1990",34,14,Fresno State,Signed On 07/06/24,PHILADELPHIA 76ERS,https://www.nba.com/player/202331/paul-george/
Kelly Oubre Jr.,9,F-G,6-8,203 lbs,"DEC 09, 1995",28,9,Kansas,Signed On 09/26/23,PHILADELPHIA 76ERS,https://www.nba.com/player/1626162/kelly-oubre-jr/
Jeff Dowtin Jr.,11,G,6-3,177 lbs,"MAY 10, 1997",27,3,Rhode Island,Signed On 03/02/24,PHILADELPHIA 76ERS,https://www.nba.com/player/1630288/jeff-dowtin-jr/
Ricky Council IV,14,G,6-6,207 lbs,"AUG 03, 2001",23,1,Arkansas,Signed On 07/01/23,PHILADELPHIA 76ERS,https://www.nba.com/player/1641741/ricky-council-iv/
Caleb Martin,16,F,6-5,205 lbs,"SEP 28, 1995",29,5,Nevada,Signed On 07/06/24,PHILADELPHIA 76ERS,https://www.nba.com/player/1628997/caleb-martin/
Justin Edwards,19,F,6-7,203 lbs,"DEC 16, 2003",20,R,Kentucky,Signed On 07/04/24,PHILADELPHIA 76ERS,https://www.nba.com/player/1642348/justin-edwards/
Jared McCain,20,G,6-3,195 lbs,"FEB 20, 2004",20,R,Duke,#16 Pick In 2024 Draft,PHILADELPHIA 76ERS,https://www.nba.com/player/1642272/jared-mccain/
Joel Embiid,21,C-F,7-0,280 lbs,"MAR 16, 1994",30,8,Kansas,#3 Pick In 2014 Draft,PHILADELPHIA 76ERS,https://www.nba.com/player/203954/joel-embiid/
Eric Gordon,23,G,6-3,215 lbs,"DEC 25, 1988",35,16,Indiana,Signed On 07/10/24,PHILADELPHIA 76ERS,https://www.nba.com/player/201569/eric-gordon/
Lester Quinones,25,G,6-4,208 lbs,"NOV 16, 2000",24,2,Memphis,Signed On 09/26/24,PHILADELPHIA 76ERS,https://www.nba.com/player/1631311/lester-quinones/
Guerschon Yabusele,28,F,6-8,265 lbs,"DEC 17, 1995",28,2,"Rouen, France",Signed On 08/29/24,PHILADELPHIA 76ERS,https://www.nba.com/player/1627824/guerschon-yabusele/
Adem Bona,30,F,6-10,235 lbs,"MAR 28, 2003",21,R,UCLA,#41 Pick In 2024 Draft,PHILADELPHIA 76ERS,https://www.nba.com/player/1641737/adem-bona/
Gradey Dick,1,G-F,6-6,200 lbs,"NOV 20, 2003",21,1,Kansas,#13 Pick In 2023 Draft,TORONTO RAPTORS,https://www.nba.com/player/1641711/gradey-dick/
Jonathan Mogbo,2,F,6-9,225 lbs,"OCT 29, 2001",23,R,San Francisco,#31 Pick In 2024 Draft,TORONTO RAPTORS,https://www.nba.com/player/1642367/jonathan-mogbo/
D.J. Carton,3,G,6-3,200 lbs,"AUG 05, 2000",24,1,Marquette,Signed On 02/21/24,TORONTO RAPTORS,https://www.nba.com/player/1630618/dj-carton/
Scottie Barnes,4,F-G,6-7,237 lbs,"AUG 01, 2001",23,3,Florida State,#4 Pick In 2021 Draft,TORONTO RAPTORS,https://www.nba.com/player/1630567/scottie-barnes/
Immanuel Quickley,5,G,6-2,190 lbs,"JUN 17, 1999",25,4,Kentucky,Traded From NYK On 12/30/23,TORONTO RAPTORS,https://www.nba.com/player/1630193/immanuel-quickley/
RJ Barrett,9,F-G,6-6,214 lbs,"JUN 14, 2000",24,5,Duke,Traded From NYK On 12/30/23,TORONTO RAPTORS,https://www.nba.com/player/1629628/rj-barrett/
Bruce Brown,11,G-F,6-4,202 lbs,"AUG 15, 1996",28,6,Miami,Traded From IND On 01/17/24,TORONTO RAPTORS,https://www.nba.com/player/1628971/bruce-brown/
Ja'Kobe Walter,14,G,6-5,180 lbs,"SEP 04, 2004",20,R,Baylor,#19 Pick In 2024 Draft,TORONTO RAPTORS,https://www.nba.com/player/1642266/jakobe-walter/
Garrett Temple,17,G-F,6-5,195 lbs,"MAY 08, 1986",38,14,Louisiana State,Signed On 07/31/23,TORONTO RAPTORS,https://www.nba.com/player/202066/garrett-temple/
Jakob Poeltl,19,C,7-0,260 lbs,"OCT 15, 1995",29,8,Utah,Traded From SAS On 02/09/23,TORONTO RAPTORS,https://www.nba.com/player/1627751/jakob-poeltl/
Ulrich Chomche,22,C,6-11,235 lbs,"DEC 30, 2005",18,R,NBA Global Academy,Draft Rights Traded From MEM On 07/06/24,TORONTO RAPTORS,https://www.nba.com/player/1642279/ulrich-chomche/
Jamal Shead,23,G,6-1,200 lbs,"JUL 24, 2002",22,R,Houston,Draft Rights Traded From SAC On 06/28/24,TORONTO RAPTORS,https://www.nba.com/player/1642347/jamal-shead/
Bruno Fernando,24,F-C,6-9,240 lbs,"AUG 15, 1998",26,5,Maryland,Signed On 08/02/24,TORONTO RAPTORS,https://www.nba.com/player/1628981/bruno-fernando/
Chris Boucher,25,F,6-9,200 lbs,"JAN 11, 1993",31,7,Oregon,Signed On 07/20/18,TORONTO RAPTORS,https://www.nba.com/player/1628449/chris-boucher/
Ochai Agbaji,30,G,6-5,215 lbs,"APR 20, 2000",24,2,Kansas,Traded From UTA On 02/08/24,TORONTO RAPTORS,https://www.nba.com/player/1630534/ochai-agbaji/
Kelly Olynyk,41,F-C,6-11,240 lbs,"APR 19, 1991",33,11,Gonzaga,Traded From UTA On 02/08/24,TORONTO RAPTORS,https://www.nba.com/player/203482/kelly-olynyk/
Davion Mitchell,45,G,6-0,202 lbs,"SEP 05, 1998",26,3,Baylor,Traded From SAC On 06/28/24,TORONTO RAPTORS,https://www.nba.com/player/1630558/davion-mitchell/
Jamison Battle,77,F,6-7,220 lbs,"MAY 10, 2001",23,R,Ohio State,Signed On 07/16/24,TORONTO RAPTORS,https://www.nba.com/player/1642419/jamison-battle/
Coby White,0,G,6-5,195 lbs,"FEB 16, 2000",24,5,North Carolina,#7 Pick In 2019 Draft,CHICAGO BULLS,https://www.nba.com/player/1629632/coby-white/
DJ Steward,00,G,6-2,162 lbs,"OCT 02, 2001",23,R,Duke,Signed On 07/21/24,CHICAGO BULLS,https://www.nba.com/player/1630569/dj-steward/
Lonzo Ball,2,G,6-6,190 lbs,"OCT 27, 1997",27,5,UCLA,Traded From NOP On 08/08/21,CHICAGO BULLS,https://www.nba.com/player/1628366/lonzo-ball/
Josh Giddey,3,G,6-8,216 lbs,"OCT 10, 2002",22,3,NBA Global Academy,Traded From OKC On 06/21/24,CHICAGO BULLS,https://www.nba.com/player/1630581/josh-giddey/
Jevon Carter,5,G,6-1,200 lbs,"SEP 14, 1995",29,6,West Virginia,Signed On 07/10/23,CHICAGO BULLS,https://www.nba.com/player/1628975/jevon-carter/
Jalen Smith,7,F-C,6-9,215 lbs,"MAR 16, 2000",24,4,Maryland,Signed On 07/08/24,CHICAGO BULLS,https://www.nba.com/player/1630188/jalen-smith/
Zach LaVine,8,G,6-5,200 lbs,"MAR 10, 1995",29,10,UCLA,Traded From MIN On 06/22/17,CHICAGO BULLS,https://www.nba.com/player/203897/zach-lavine/
Nikola Vučević,9,C,6-10,260 lbs,"OCT 24, 1990",34,13,Southern California,Traded From ORL On 03/25/21,CHICAGO BULLS,https://www.nba.com/player/202696/nikola-vu%C4%8Devi%C4%87/
Ayo Dosunmu,11,G,6-5,200 lbs,"JAN 17, 2000",24,3,Illinois,#38 Pick In 2021 Draft,CHICAGO BULLS,https://www.nba.com/player/1630245/ayo-dosunmu/
Torrey Craig,13,F,6-5,221 lbs,"DEC 19, 1990",33,7,South Carolina Upstate,Signed On 07/15/23,CHICAGO BULLS,https://www.nba.com/player/1628470/torrey-craig/
Matas Buzelis,14,F,6-10,209 lbs,"OCT 13, 2004",20,R,NBA G League Ignite,#11 Pick In 2024 Draft,CHICAGO BULLS,https://www.nba.com/player/1641824/matas-buzelis/
Julian Phillips,15,F,6-8,198 lbs,"NOV 05, 2003",21,1,Tennessee,Draft Rights Traded From WAS On 06/28/23,CHICAGO BULLS,https://www.nba.com/player/1641763/julian-phillips/
Adama Sanogo,21,F,6-9,245 lbs,"FEB 12, 2002",22,1,Connecticut,Signed On 07/10/23,CHICAGO BULLS,https://www.nba.com/player/1641766/adama-sanogo/
Talen Horton-Tucker,22,G,6-4,234 lbs,"NOV 25, 2000",23,5,Iowa State,Signed On 09/04/24,CHICAGO BULLS,https://www.nba.com/player/1629659/talen-horton-tucker/
Dalen Terry,25,F,6-7,195 lbs,"JUL 12, 2002",22,2,Arizona,#18 Pick In 2022 Draft,CHICAGO BULLS,https://www.nba.com/player/1631207/dalen-terry/
Chris Duarte,27,G,6-5,190 lbs,"JUN 13, 1997",27,3,Oregon,Traded From SAC On 07/08/24,CHICAGO BULLS,https://www.nba.com/player/1630537/chris-duarte/
E.J. Liddell,32,F,6-6,240 lbs,"DEC 18, 2000",23,1,Ohio State,Signed On 09/06/24,CHICAGO BULLS,https://www.nba.com/player/1630604/ej-liddell/
Patrick Williams,44,F,6-7,215 lbs,"AUG 26, 2001",23,4,Florida State,#4 Pick In 2020 Draft,CHICAGO BULLS,https://www.nba.com/player/1630172/patrick-williams/
Max Strus,1,G-F,6-5,215 lbs,"MAR 28, 1996",28,5,DePaul,Traded From MIA On 07/06/23,CLEVELAND CAVALIERS,https://www.nba.com/player/1629622/max-strus/
Ty Jerome,2,G-F,6-5,195 lbs,"JUL 08, 1997",27,5,Virginia,Signed On 07/06/23,CLEVELAND CAVALIERS,https://www.nba.com/player/1629660/ty-jerome/
Caris LeVert,3,G,6-6,205 lbs,"AUG 25, 1994",30,8,Michigan,Traded From IND On 02/07/22,CLEVELAND CAVALIERS,https://www.nba.com/player/1627747/caris-levert/
Evan Mobley,4,C,6-11,215 lbs,"JUN 18, 2001",23,3,Southern California,#3 Pick In 2021 Draft,CLEVELAND CAVALIERS,https://www.nba.com/player/1630596/evan-mobley/
Sam Merrill,5,G,6-4,205 lbs,"MAY 15, 1996",28,4,Utah State,Signed On 03/03/23,CLEVELAND CAVALIERS,https://www.nba.com/player/1630241/sam-merrill/
Craig Porter Jr.,9,G,6-1,180 lbs,"FEB 26, 2000",24,1,Wichita State,Signed On 07/03/23,CLEVELAND CAVALIERS,https://www.nba.com/player/1641854/craig-porter-jr/
Darius Garland,10,G,6-1,192 lbs,"JAN 26, 2000",24,5,Vanderbilt,#5 Pick In 2019 Draft,CLEVELAND CAVALIERS,https://www.nba.com/player/1629636/darius-garland/
Tristan Thompson,13,C-F,6-9,254 lbs,"MAR 13, 1991",33,13,Texas-Austin,Signed On 09/12/23,CLEVELAND CAVALIERS,https://www.nba.com/player/202684/tristan-thompson/
JT Thor,15,F,6-9,203 lbs,"AUG 26, 2002",22,3,Auburn,Signed On 09/08/24,CLEVELAND CAVALIERS,https://www.nba.com/player/1630550/jt-thor/
Georges Niang,20,F,6-7,230 lbs,"JUN 17, 1993",31,8,Iowa State,Signed On 07/06/23,CLEVELAND CAVALIERS,https://www.nba.com/player/1627777/georges-niang/
Emoni Bates,21,F,6-8,170 lbs,"JAN 28, 2004",20,1,Eastern Michigan,#49 Pick In 2023 Draft,CLEVELAND CAVALIERS,https://www.nba.com/player/1641734/emoni-bates/
Jaylon Tyson,24,G-F,6-6,215 lbs,"DEC 02, 2002",21,R,California,#20 Pick In 2024 Draft,CLEVELAND CAVALIERS,https://www.nba.com/player/1642281/jaylon-tyson/
Jarrett Allen,31,C,6-9,243 lbs,"APR 21, 1998",26,7,Texas,Traded From BKN On 01/16/21,CLEVELAND CAVALIERS,https://www.nba.com/player/1628386/jarrett-allen/
Dean Wade,32,F-C,6-9,228 lbs,"NOV 20, 1996",28,5,Kansas State,Signed On 07/01/19,CLEVELAND CAVALIERS,https://www.nba.com/player/1629731/dean-wade/
Luke Travers,33,F,6-7,207 lbs,"SEP 03, 2001",23,R,Rockingham Flames (Aus.),#56 Pick In 2022 Draft,CLEVELAND CAVALIERS,https://www.nba.com/player/1631247/luke-travers/
Isaac Okoro,35,F-G,6-5,225 lbs,"JAN 26, 2001",23,4,Auburn,#5 Pick In 2020 Draft,CLEVELAND CAVALIERS,https://www.nba.com/player/1630171/isaac-okoro/
Donovan Mitchell,45,G,6-3,215 lbs,"SEP 07, 1996",28,7,Louisville,Traded From UTA On 09/03/22,CLEVELAND CAVALIERS,https://www.nba.com/player/1628378/donovan-mitchell/
Jalen Duren,0,C,6-10,250 lbs,"NOV 18, 2003",21,2,Memphis,Draft Rights Traded From NYK On 07/06/22,DETROIT PISTONS,https://www.nba.com/player/1631105/jalen-duren/
Ronald Holland II,00,F,6-8,206 lbs,"JUL 07, 2005",19,R,NBA G League Ignite,#5 Pick In 2024 Draft,DETROIT PISTONS,https://www.nba.com/player/1641842/ronald-holland-ii/
Cade Cunningham,2,G,6-6,220 lbs,"SEP 25, 2001",23,3,Oklahoma State,#1 Pick In 2021 Draft,DETROIT PISTONS,https://www.nba.com/player/1630595/cade-cunningham/
Malik Beasley,5,G,6-4,187 lbs,"NOV 26, 1996",27,8,Florida State,Signed On 07/11/24,DETROIT PISTONS,https://www.nba.com/player/1627736/malik-beasley/
Paul Reed,7,F,6-9,210 lbs,"JUN 14, 1999",25,4,DePaul,Awarded On Waivers On 07/09/24,DETROIT PISTONS,https://www.nba.com/player/1630194/paul-reed/
Tim Hardaway Jr.,8,G-F,6-5,205 lbs,"MAR 16, 1992",32,11,Michigan,Traded From DAL On 07/06/24,DETROIT PISTONS,https://www.nba.com/player/203501/tim-hardaway-jr/
Ausar Thompson,9,G-F,6-6,205 lbs,"JAN 30, 2003",21,1,Overtime Elite,#5 Pick In 2023 Draft,DETROIT PISTONS,https://www.nba.com/player/1641709/ausar-thompson/
Tobias Harris,12,F,6-8,226 lbs,"JUL 15, 1992",32,13,Tennessee,Signed On 07/08/24,DETROIT PISTONS,https://www.nba.com/player/202699/tobias-harris/
Cole Swider,13,F,6-8,220 lbs,"MAY 08, 1999",25,2,Syracuse,Signed On 10/21/24,DETROIT PISTONS,https://www.nba.com/player/1631306/cole-swider/
Wendell Moore Jr.,14,G,6-5,215 lbs,"SEP 18, 2001",23,2,Duke,Traded From MIN On 07/06/24,DETROIT PISTONS,https://www.nba.com/player/1631111/wendell-moore-jr/
Simone Fontecchio,19,F,6-7,209 lbs,"DEC 09, 1995",28,2,Baskonia,Traded From UTA On 02/08/24,DETROIT PISTONS,https://www.nba.com/player/1631323/simone-fontecchio/
Jaden Ivey,23,G,6-4,195 lbs,"FEB 13, 2002",22,2,Purdue,#5 Pick In 2022 Draft,DETROIT PISTONS,https://www.nba.com/player/1631093/jaden-ivey/
Daniss Jenkins,24,G,6-3,165 lbs,"AUG 17, 2001",23,R,St. John'S,Signed On 07/06/24,DETROIT PISTONS,https://www.nba.com/player/1642450/daniss-jenkins/
Marcus Sasser,25,G,6-2,195 lbs,"SEP 21, 2000",24,1,Houston,Draft Rights Traded From BOS On 06/28/23,DETROIT PISTONS,https://www.nba.com/player/1631204/marcus-sasser/
Isaiah Stewart,28,F-C,6-8,250 lbs,"MAY 22, 2001",23,4,Washington,Draft Rights Traded From HOU On 11/24/20,DETROIT PISTONS,https://www.nba.com/player/1630191/isaiah-stewart/
Alondes Williams,31,G,6-4,210 lbs,"JUN 19, 1999",25,2,Wake Forest,Signed On 10/22/24,DETROIT PISTONS,https://www.nba.com/player/1631214/alondes-williams/
Bobi Klintman,34,F,6-9,225 lbs,"MAR 06, 2003",21,R,Cairns,Draft Rights Traded From MIN On 07/06/24,DETROIT PISTONS,https://www.nba.com/player/1641752/bobi-klintman/
Tyrese Haliburton,0,G,6-5,185 lbs,"FEB 29, 2000",24,4,Iowa State,Traded From SAC On 02/08/22,INDIANA PACERS,https://www.nba.com/player/1630169/tyrese-haliburton/
Bennedict Mathurin,00,G-F,6-5,210 lbs,"JUN 19, 2002",22,2,Arizona,#6 Pick In 2022 Draft,INDIANA PACERS,https://www.nba.com/player/1631097/bennedict-mathurin/
Obi Toppin,1,F,6-9,220 lbs,"MAR 04, 1998",26,4,Dayton,Traded From NYK On 07/07/23,INDIANA PACERS,https://www.nba.com/player/1630167/obi-toppin/
Andrew Nembhard,2,G-F,6-4,191 lbs,"JAN 16, 2000",24,2,Gonzaga,#31 Pick In 2022 Draft,INDIANA PACERS,https://www.nba.com/player/1629614/andrew-nembhard/
Tristen Newton,4,G,6-5,190 lbs,"APR 26, 2001",23,R,Connecticut,#49 Pick In 2024 Draft,INDIANA PACERS,https://www.nba.com/player/1641803/tristen-newton/
Jarace Walker,5,F,6-7,235 lbs,"SEP 04, 2003",21,1,Houston,Draft Rights Traded From WAS On 06/23/23,INDIANA PACERS,https://www.nba.com/player/1641716/jarace-walker/
Enrique Freeman,8,F,6-7,206 lbs,"JUL 29, 2000",24,R,Akron,#50 Pick In 2024 Draft,INDIANA PACERS,https://www.nba.com/player/1642402/enrique-freeman/
T.J. McConnell,9,G,6-1,190 lbs,"MAR 25, 1992",32,9,Arizona,Signed On 07/29/19,INDIANA PACERS,https://www.nba.com/player/204456/tj-mcconnell/
Moses Brown,10,C,7-2,258 lbs,"OCT 13, 1999",25,5,UCLA,Signed On 11/20/24,INDIANA PACERS,https://www.nba.com/player/1629650/moses-brown/
Johnny Furphy,12,G,6-9,200 lbs,"DEC 08, 2004",19,R,Kansas,Draft Rights Traded From SAS On 07/06/24,INDIANA PACERS,https://www.nba.com/player/1642277/johnny-furphy/
James Wiseman,13,C,6-11,240 lbs,"MAR 31, 2001",23,3,Memphis,Signed On 07/05/24,INDIANA PACERS,https://www.nba.com/player/1630164/james-wiseman/
James Johnson,16,F,6-7,240 lbs,"FEB 20, 1987",37,15,Wake Forest,Signed On 09/15/22,INDIANA PACERS,https://www.nba.com/player/201949/james-johnson/
Isaiah Jackson,22,F,6-9,205 lbs,"JAN 10, 2002",22,3,Kentucky,Draft Rights Traded From LAL On 08/06/21,INDIANA PACERS,https://www.nba.com/player/1630543/isaiah-jackson/
Aaron Nesmith,23,G-F,6-6,215 lbs,"OCT 16, 1999",25,4,Vanderbilt,Traded From BOS On 07/09/22,INDIANA PACERS,https://www.nba.com/player/1630174/aaron-nesmith/
Ben Sheppard,26,G,6-6,190 lbs,"JUL 16, 2001",23,1,Belmont,#26 Pick In 2023 Draft,INDIANA PACERS,https://www.nba.com/player/1641767/ben-sheppard/
Quenton Jackson,29,G,6-5,173 lbs,"SEP 15, 1998",26,2,Texas A&M,Signed On 03/04/24,INDIANA PACERS,https://www.nba.com/player/1631245/quenton-jackson/
Myles Turner,33,C-F,6-11,250 lbs,"MAR 24, 1996",28,9,Texas,#11 Pick In 2015 Draft,INDIANA PACERS,https://www.nba.com/player/1626167/myles-turner/
Pascal Siakam,43,F,6-8,245 lbs,"APR 02, 1994",30,8,New Mexico State,Traded From TOR On 01/17/24,INDIANA PACERS,https://www.nba.com/player/1627783/pascal-siakam/
Damian Lillard,0,G,6-2,195 lbs,"JUL 15, 1990",34,12,Weber State,Traded From POR On 09/27/23,MILWAUKEE BUCKS,https://www.nba.com/player/203081/damian-lillard/
MarJon Beauchamp,3,F,6-7,199 lbs,"OCT 12, 2000",24,2,NBA G League Ignite,#24 Pick In 2022 Draft,MILWAUKEE BUCKS,https://www.nba.com/player/1630699/marjon-beauchamp/
Gary Trent Jr.,5,G,6-5,204 lbs,"JAN 18, 1999",25,6,Duke,Signed On 07/20/24,MILWAUKEE BUCKS,https://www.nba.com/player/1629018/gary-trent-jr/
Chris Livingston,7,F,6-6,220 lbs,"OCT 15, 2003",21,1,Kentucky,#58 Pick In 2023 Draft,MILWAUKEE BUCKS,https://www.nba.com/player/1641753/chris-livingston/
Bobby Portis,9,F,6-10,250 lbs,"FEB 10, 1995",29,9,Arkansas,Signed On 11/24/20,MILWAUKEE BUCKS,https://www.nba.com/player/1626171/bobby-portis/
Brook Lopez,11,C,7-1,282 lbs,"APR 01, 1988",36,16,Stanford,Signed On 07/17/18,MILWAUKEE BUCKS,https://www.nba.com/player/201572/brook-lopez/
Taurean Prince,12,F,6-6,218 lbs,"MAR 22, 1994",30,8,Baylor,Signed On 07/09/24,MILWAUKEE BUCKS,https://www.nba.com/player/1627752/taurean-prince/
Ryan Rollins,13,G,6-3,180 lbs,"JUL 03, 2002",22,2,Toledo,Signed On 02/20/24,MILWAUKEE BUCKS,https://www.nba.com/player/1631157/ryan-rollins/
Liam Robbins,15,C,7-0,250 lbs,"JUL 12, 1999",25,R,Vanderbilt,Signed On 08/27/24,MILWAUKEE BUCKS,https://www.nba.com/player/1641857/liam-robbins/
Stanley Umude,17,G,6-6,210 lbs,"APR 12, 1999",25,2,Arkansas,Signed On 07/09/24,MILWAUKEE BUCKS,https://www.nba.com/player/1630649/stanley-umude/
AJ Green,20,G,6-4,190 lbs,"SEP 27, 1999",25,2,Northern Iowa,Signed On 07/01/22,MILWAUKEE BUCKS,https://www.nba.com/player/1631260/aj-green/
Tyler Smith,21,F,6-9,224 lbs,"NOV 02, 2004",20,R,NBA G League Ignite,#33 Pick In 2024 Draft,MILWAUKEE BUCKS,https://www.nba.com/player/1641890/tyler-smith/
Khris Middleton,22,F,6-7,222 lbs,"AUG 12, 1991",33,12,Texas A&M,Traded From DET On 07/31/13,MILWAUKEE BUCKS,https://www.nba.com/player/203114/khris-middleton/
Pat Connaughton,24,G,6-5,209 lbs,"JAN 06, 1993",31,9,Notre Dame,Signed On 08/01/18,MILWAUKEE BUCKS,https://www.nba.com/player/1626192/pat-connaughton/
Giannis Antetokounmpo,34,F,6-11,243 lbs,"DEC 06, 1994",29,11,Filathlitikos,#15 Pick In 2013 Draft,MILWAUKEE BUCKS,https://www.nba.com/player/203507/giannis-antetokounmpo/
Andre Jackson Jr.,44,G,6-6,209 lbs,"NOV 13, 2001",23,1,Connecticut,Draft Rights Traded From ORL On 06/22/23,MILWAUKEE BUCKS,https://www.nba.com/player/1641748/andre-jackson-jr/
Delon Wright,55,G,6-5,185 lbs,"APR 26, 1992",32,9,Utah,Signed On 07/06/24,MILWAUKEE BUCKS,https://www.nba.com/player/1626153/delon-wright/
AJ Johnson,77,G,6-5,160 lbs,"DEC 01, 2004",19,R,Illawarra,#23 Pick In 2024 Draft,MILWAUKEE BUCKS,https://www.nba.com/player/1642358/aj-johnson/
Jalen Johnson,1,F,6-8,219 lbs,"DEC 18, 2001",22,3,Duke,#20 Pick In 2021 Draft,ATLANTA HAWKS,https://www.nba.com/player/1630552/jalen-johnson/
Keaton Wallace,2,G,6-3,185 lbs,"FEB 26, 1999",25,R,Texas-San Antonio,Signed On 09/29/23,ATLANTA HAWKS,https://www.nba.com/player/1630811/keaton-wallace/
Seth Lundy,3,G-F,6-4,220 lbs,"APR 02, 2000",24,1,Penn State,#46 Pick In 2023 Draft,ATLANTA HAWKS,https://www.nba.com/player/1641754/seth-lundy/
Kobe Bufkin,4,G,6-4,195 lbs,"SEP 21, 2003",21,1,Michigan,#15 Pick In 2023 Draft,ATLANTA HAWKS,https://www.nba.com/player/1641723/kobe-bufkin/
Dyson Daniels,5,G,6-7,199 lbs,"MAR 17, 2003",21,2,NBA G League Ignite,Traded From NOP On 07/06/24,ATLANTA HAWKS,https://www.nba.com/player/1630700/dyson-daniels/
David Roddy,8,F,6-4,255 lbs,"MAR 27, 2001",23,2,Colorado State,Traded From PHX On 07/29/24,ATLANTA HAWKS,https://www.nba.com/player/1631223/david-roddy/
Zaccharie Risacher,10,F,6-8,200 lbs,"APR 08, 2005",19,R,JL Bourg-En-Bresse,#1 Pick In 2024 Draft,ATLANTA HAWKS,https://www.nba.com/player/1642258/zaccharie-risacher/
Trae Young,11,G,6-1,164 lbs,"SEP 19, 1998",26,6,Oklahoma,Draft Rights Traded From DAL On 06/21/18,ATLANTA HAWKS,https://www.nba.com/player/1629027/trae-young/
De'Andre Hunter,12,F-G,6-8,221 lbs,"DEC 02, 1997",26,5,Virginia,Draft Rights Traded From NOP On 07/07/19,ATLANTA HAWKS,https://www.nba.com/player/1629631/deandre-hunter/
Bogdan Bogdanović,13,G,6-5,225 lbs,"AUG 18, 1992",32,7,Fenerbahce,Signed On 11/25/20,ATLANTA HAWKS,https://www.nba.com/player/203992/bogdan-bogdanovi%C4%87/
Clint Capela,15,C,6-10,256 lbs,"MAY 18, 1994",30,10,Elan Chalon,Traded From HOU On 02/05/20,ATLANTA HAWKS,https://www.nba.com/player/203991/clint-capela/
Onyeka Okongwu,17,F-C,6-10,240 lbs,"DEC 11, 2000",23,4,Southern California,#6 Pick In 2020 Draft,ATLANTA HAWKS,https://www.nba.com/player/1630168/onyeka-okongwu/
Mouhamed Gueye,18,F,6-10,210 lbs,"NOV 09, 2002",22,1,Washington State,Draft Rights Traded From BOS On 06/28/23,ATLANTA HAWKS,https://www.nba.com/player/1631243/mouhamed-gueye/
Larry Nance Jr.,22,F-C,6-8,245 lbs,"JAN 01, 1993",31,9,Wyoming,Traded From NOP On 07/06/24,ATLANTA HAWKS,https://www.nba.com/player/1626204/larry-nance-jr/
Garrison Mathews,24,G,6-6,215 lbs,"OCT 24, 1996",28,5,Lipscomb,Traded From HOU On 02/09/23,ATLANTA HAWKS,https://www.nba.com/player/1629726/garrison-mathews/
Dominick Barlow,26,F,6-8,215 lbs,"MAY 26, 2003",21,2,Overtime Elite,Signed On 07/30/24,ATLANTA HAWKS,https://www.nba.com/player/1631230/dominick-barlow/
Vít Krejčí,27,G,6-8,195 lbs,"JUN 19, 2000",24,3,Zaragoza,Signed On 12/22/23,ATLANTA HAWKS,https://www.nba.com/player/1630249/v%C3%ADt-krej%C4%8D%C3%AD/
Cody Zeller,40,F-C,6-11,240 lbs,"OCT 05, 1992",32,11,Indiana,Traded From NOP On 07/06/24,ATLANTA HAWKS,https://www.nba.com/player/203469/cody-zeller/
Miles Bridges,0,F,6-7,225 lbs,"MAR 21, 1998",26,5,Michigan State,Draft Rights Traded From LAC On 06/21/18,CHARLOTTE HORNETS,https://www.nba.com/player/1628970/miles-bridges/
LaMelo Ball,1,G,6-7,180 lbs,"AUG 22, 2001",23,4,Illawarra,#3 Pick In 2020 Draft,CHARLOTTE HORNETS,https://www.nba.com/player/1630163/lamelo-ball/
Grant Williams,2,F,6-6,236 lbs,"NOV 30, 1998",25,5,Tennessee,Traded From DAL On 02/08/24,CHARLOTTE HORNETS,https://www.nba.com/player/1629684/grant-williams/
DaQuan Jeffries,3,G-F,6-5,222 lbs,"AUG 30, 1997",27,5,Tulsa,Traded From NYK On 10/02/24,CHARLOTTE HORNETS,https://www.nba.com/player/1629610/daquan-jeffries/
Nick Richards,4,C,7-0,245 lbs,"NOV 29, 1997",26,4,Kentucky,Draft Rights Traded From NOP On 11/19/20,CHARLOTTE HORNETS,https://www.nba.com/player/1630208/nick-richards/
Mark Williams,5,C,7-0,240 lbs,"DEC 16, 2001",22,2,Duke,#15 Pick In 2022 Draft,CHARLOTTE HORNETS,https://www.nba.com/player/1631109/mark-williams/
Nick Smith Jr.,8,G,6-2,185 lbs,"APR 18, 2004",20,1,Arkansas,#27 Pick In 2023 Draft,CHARLOTTE HORNETS,https://www.nba.com/player/1641733/nick-smith-jr/
Josh Green,10,G,6-5,200 lbs,"NOV 16, 2000",24,4,Arizona,Traded From DAL On 07/06/24,CHARLOTTE HORNETS,https://www.nba.com/player/1630182/josh-green/
Cody Martin,11,F,6-6,205 lbs,"SEP 28, 1995",29,5,Nevada,#36 Pick In 2019 Draft,CHARLOTTE HORNETS,https://www.nba.com/player/1628998/cody-martin/
Moussa Diabaté,14,F,6-9,210 lbs,"JAN 21, 2002",22,2,Michigan,Signed On 07/31/24,CHARLOTTE HORNETS,https://www.nba.com/player/1631217/moussa-diabat%C3%A9/
Vasilije Micić,22,G,6-3,188 lbs,"JAN 13, 1994",30,1,Serbia,Traded From OKC On 02/08/24,CHARLOTTE HORNETS,https://www.nba.com/player/203995/vasilije-mici%C4%87/
Tre Mann,23,G,6-3,178 lbs,"FEB 03, 2001",23,3,Florida,Traded From OKC On 02/08/24,CHARLOTTE HORNETS,https://www.nba.com/player/1630544/tre-mann/
Brandon Miller,24,F,6-7,200 lbs,"NOV 22, 2002",21,1,Alabama,#2 Pick In 2023 Draft,CHARLOTTE HORNETS,https://www.nba.com/player/1641706/brandon-miller/
KJ Simpson,25,G,6-0,189 lbs,"AUG 08, 2002",22,R,Colorado,#42 Pick In 2024 Draft,CHARLOTTE HORNETS,https://www.nba.com/player/1642354/kj-simpson/
Jared Rhoden,27,G,6-5,210 lbs,"AUG 27, 1999",25,2,Seton Hall,Awarded On Waivers On 10/21/24,CHARLOTTE HORNETS,https://www.nba.com/player/1631197/jared-rhoden/
Seth Curry,30,G,6-1,185 lbs,"AUG 23, 1990",34,10,Duke,Traded From DAL On 02/08/24,CHARLOTTE HORNETS,https://www.nba.com/player/203552/seth-curry/
Tidjane Salaün,31,F,6-8,207 lbs,"AUG 10, 2005",19,R,Cholet,#6 Pick In 2024 Draft,CHARLOTTE HORNETS,https://www.nba.com/player/1642275/tidjane-sala%C3%BCn/
Taj Gibson,67,F,6-9,232 lbs,"JUN 24, 1985",39,15,Southern California,Signed On 07/13/24,CHARLOTTE HORNETS,https://www.nba.com/player/201959/taj-gibson/
Josh Richardson,0,G,6-5,200 lbs,"SEP 15, 1993",31,9,Tennessee,Signed On 07/02/23,MIAMI HEAT,https://www.nba.com/player/1626196/josh-richardson/
Terry Rozier,2,G,6-1,190 lbs,"MAR 17, 1994",30,9,Louisville,Traded From CHA On 01/23/24,MIAMI HEAT,https://www.nba.com/player/1626179/terry-rozier/
Nikola Jović,5,F,6-10,205 lbs,"JUN 09, 2003",21,2,Mega Basket,#27 Pick In 2022 Draft,MIAMI HEAT,https://www.nba.com/player/1631107/nikola-jovi%C4%87/
Kel'el Ware,7,C,7-0,230 lbs,"APR 20, 2004",20,R,Indiana,#15 Pick In 2024 Draft,MIAMI HEAT,https://www.nba.com/player/1642276/kelel-ware/
Josh Christopher,8,G,6-4,215 lbs,"DEC 08, 2001",22,2,Arizona State,Signed On 07/25/24,MIAMI HEAT,https://www.nba.com/player/1630528/josh-christopher/
Pelle Larsson,9,G,6-5,215 lbs,"FEB 23, 2001",23,R,Arizona,Draft Rights Traded From HOU On 06/27/24,MIAMI HEAT,https://www.nba.com/player/1641796/pelle-larsson/
Jaime Jaquez Jr.,11,G,6-6,225 lbs,"FEB 18, 2001",23,1,UCLA,#18 Pick In 2023 Draft,MIAMI HEAT,https://www.nba.com/player/1631170/jaime-jaquez-jr/
Dru Smith,12,G,6-2,203 lbs,"DEC 30, 1997",26,2,Missouri,Signed On 07/01/23,MIAMI HEAT,https://www.nba.com/player/1630696/dru-smith/
Bam Adebayo,13,C-F,6-9,255 lbs,"JUL 18, 1997",27,7,Kentucky,#14 Pick In 2017 Draft,MIAMI HEAT,https://www.nba.com/player/1628389/bam-adebayo/
Tyler Herro,14,G,6-5,195 lbs,"JAN 20, 2000",24,5,Kentucky,#13 Pick In 2019 Draft,MIAMI HEAT,https://www.nba.com/player/1629639/tyler-herro/
Keshad Johnson,16,F,6-7,225 lbs,"JUN 23, 2001",23,R,Arizona,Signed On 07/01/24,MIAMI HEAT,https://www.nba.com/player/1642352/keshad-johnson/
Alec Burks,18,G,6-5,214 lbs,"JUL 20, 1991",33,13,Colorado,Signed On 07/04/24,MIAMI HEAT,https://www.nba.com/player/202692/alec-burks/
Jimmy Butler,22,F,6-7,230 lbs,"SEP 14, 1989",35,13,Marquette,Traded From PHI On 07/06/19,MIAMI HEAT,https://www.nba.com/player/202710/jimmy-butler/
Haywood Highsmith,24,F,6-5,220 lbs,"DEC 09, 1996",27,4,Wheeling Jesuit,Signed On 12/30/21,MIAMI HEAT,https://www.nba.com/player/1629312/haywood-highsmith/
Thomas Bryant,31,C-F,6-10,248 lbs,"JUL 31, 1997",27,7,Indiana,Signed On 07/02/23,MIAMI HEAT,https://www.nba.com/player/1628418/thomas-bryant/
Kevin Love,42,F-C,6-8,251 lbs,"SEP 07, 1988",36,16,UCLA,Signed On 02/20/23,MIAMI HEAT,https://www.nba.com/player/201567/kevin-love/
Duncan Robinson,55,F,6-7,215 lbs,"APR 22, 1994",30,6,Michigan,Signed On 07/10/18,MIAMI HEAT,https://www.nba.com/player/1629130/duncan-robinson/
Anthony Black,0,G,6-7,200 lbs,"JAN 20, 2004",20,1,Arkansas,#6 Pick In 2023 Draft,ORLANDO MAGIC,https://www.nba.com/player/1641710/anthony-black/
Jonathan Isaac,1,F,6-10,230 lbs,"OCT 03, 1997",27,5,Florida State,#6 Pick In 2017 Draft,ORLANDO MAGIC,https://www.nba.com/player/1628371/jonathan-isaac/
Caleb Houstan,2,G,6-8,205 lbs,"JAN 09, 2003",21,2,Michigan,#32 Pick In 2022 Draft,ORLANDO MAGIC,https://www.nba.com/player/1631216/caleb-houstan/
Kentavious Caldwell-Pope,3,G,6-5,204 lbs,"FEB 18, 1993",31,11,Georgia,Signed On 07/06/24,ORLANDO MAGIC,https://www.nba.com/player/203484/kentavious-caldwell-pope/
Jalen Suggs,4,G,6-5,205 lbs,"JUN 03, 2001",23,3,Gonzaga,#5 Pick In 2021 Draft,ORLANDO MAGIC,https://www.nba.com/player/1630591/jalen-suggs/
Paolo Banchero,5,F,6-10,250 lbs,"NOV 12, 2002",22,2,Duke,#1 Pick In 2022 Draft,ORLANDO MAGIC,https://www.nba.com/player/1631094/paolo-banchero/
Mac McClung,8,G,6-2,185 lbs,"JAN 06, 1999",25,2,Texas Tech,Signed On 09/13/23,ORLANDO MAGIC,https://www.nba.com/player/1630644/mac-mcclung/
Cory Joseph,10,G,6-2,200 lbs,"AUG 20, 1991",33,13,Texas,Signed On 07/19/24,ORLANDO MAGIC,https://www.nba.com/player/202709/cory-joseph/
Trevelin Queen,12,G,6-5,190 lbs,"FEB 25, 1997",27,3,New Mexico State,Signed On 09/12/23,ORLANDO MAGIC,https://www.nba.com/player/1630243/trevelin-queen/
Jett Howard,13,G,6-6,215 lbs,"SEP 14, 2003",21,1,Michigan,#11 Pick In 2023 Draft,ORLANDO MAGIC,https://www.nba.com/player/1641724/jett-howard/
Gary Harris,14,G,6-4,210 lbs,"SEP 14, 1994",30,10,Michigan State,Traded From DEN On 03/25/21,ORLANDO MAGIC,https://www.nba.com/player/203914/gary-harris/
Moritz Wagner,21,F-C,6-11,245 lbs,"APR 26, 1997",27,6,Michigan,Signed On 04/27/21,ORLANDO MAGIC,https://www.nba.com/player/1629021/moritz-wagner/
Franz Wagner,22,F,6-10,220 lbs,"AUG 27, 2001",23,3,Michigan,#8 Pick In 2021 Draft,ORLANDO MAGIC,https://www.nba.com/player/1630532/franz-wagner/
Tristan da Silva,23,F,6-8,217 lbs,"MAY 15, 2001",23,R,Colorado,#18 Pick In 2024 Draft,ORLANDO MAGIC,https://www.nba.com/player/1641783/tristan-da-silva/
Wendell Carter Jr.,34,C-F,6-10,270 lbs,"APR 16, 1999",25,6,Duke,Traded From CHI On 03/25/21,ORLANDO MAGIC,https://www.nba.com/player/1628976/wendell-carter-jr/
Goga Bitadze,35,C-F,6-10,250 lbs,"JUL 20, 1999",25,5,Mega Basket,Signed On 02/13/23,ORLANDO MAGIC,https://www.nba.com/player/1629048/goga-bitadze/
Cole Anthony,50,G,6-2,185 lbs,"MAY 15, 2000",24,4,North Carolina,#15 Pick In 2020 Draft,ORLANDO MAGIC,https://www.nba.com/player/1630175/cole-anthony/
Bilal Coulibaly,0,G,6-8,195 lbs,"JUL 26, 2004",20,1,Metropolitans 92,Draft Rights Traded From IND On 06/23/23,WASHINGTON WIZARDS,https://www.nba.com/player/1641731/bilal-coulibaly/
Tristan Vukcevic,00,F,6-10,220 lbs,"MAR 11, 2003",21,1,Real Madrid,#42 Pick In 2023 Draft,WASHINGTON WIZARDS,https://www.nba.com/player/1641774/tristan-vukcevic/
Johnny Davis,1,G,6-4,195 lbs,"FEB 27, 2002",22,2,Wisconsin,#10 Pick In 2022 Draft,WASHINGTON WIZARDS,https://www.nba.com/player/1631098/johnny-davis/
Jared Butler,4,G,6-3,193 lbs,"AUG 25, 2000",24,3,Baylor,Signed On 07/28/23,WASHINGTON WIZARDS,https://www.nba.com/player/1630215/jared-butler/
Patrick Baldwin Jr.,7,F,6-9,220 lbs,"NOV 18, 2002",22,2,Wisconsin-Milwaukee,Traded From GSW On 07/06/23,WASHINGTON WIZARDS,https://www.nba.com/player/1631116/patrick-baldwin-jr/
Carlton Carrington,8,G,6-4,190 lbs,"JUL 21, 2005",19,R,Pittsburgh,Draft Rights Traded From POR On 07/06/24,WASHINGTON WIZARDS,https://www.nba.com/player/1642267/carlton-carrington/
Justin Champagnie,9,G-F,6-6,206 lbs,"JUN 29, 2001",23,3,Pittsburgh,Signed On 02/22/24,WASHINGTON WIZARDS,https://www.nba.com/player/1630551/justin-champagnie/
Jordan Poole,13,G,6-4,194 lbs,"JUN 19, 1999",25,5,Michigan,Traded From GSW On 07/06/23,WASHINGTON WIZARDS,https://www.nba.com/player/1629673/jordan-poole/
Saddiq Bey,14,G-F,6-7,215 lbs,"APR 09, 1999",25,4,Villanova,Signed On 07/11/24,WASHINGTON WIZARDS,https://www.nba.com/player/1630180/saddiq-bey/
Malcolm Brogdon,15,G,6-4,229 lbs,"DEC 11, 1992",31,8,Virginia,Traded From POR On 07/06/24,WASHINGTON WIZARDS,https://www.nba.com/player/1627763/malcolm-brogdon/
Anthony Gill,16,F,6-8,230 lbs,"OCT 17, 1992",32,4,Virginia,Signed On 11/30/20,WASHINGTON WIZARDS,https://www.nba.com/player/1630264/anthony-gill/
Jonas Valančiūnas,17,C,6-11,265 lbs,"MAY 06, 1992",32,12,Lietuvos Rytas Vilnius,Traded From NOP On 07/06/24,WASHINGTON WIZARDS,https://www.nba.com/player/202685/jonas-valan%C4%8Di%C5%ABnas/
Kyshawn George,18,F,6-8,200 lbs,"DEC 12, 2003",20,R,Miami,Draft Rights Traded From NYK On 06/26/24,WASHINGTON WIZARDS,https://www.nba.com/player/1642273/kyshawn-george/
Alexandre Sarr,20,C,7-0,205 lbs,"APR 26, 2005",19,R,Perth,#2 Pick In 2024 Draft,WASHINGTON WIZARDS,https://www.nba.com/player/1642259/alexandre-sarr/
Richaun Holmes,22,F,6-9,235 lbs,"OCT 15, 1993",31,9,Bowling Green,Traded From DAL On 02/08/24,WASHINGTON WIZARDS,https://www.nba.com/player/1626158/richaun-holmes/
Corey Kispert,24,F,6-6,224 lbs,"MAR 03, 1999",25,3,Gonzaga,#15 Pick In 2021 Draft,WASHINGTON WIZARDS,https://www.nba.com/player/1630557/corey-kispert/
Kyle Kuzma,33,F,6-9,221 lbs,"JUL 24, 1995",29,7,Utah,Traded From LAL On 08/06/21,WASHINGTON WIZARDS,https://www.nba.com/player/1628398/kyle-kuzma/
Marvin Bagley III,35,F,6-10,235 lbs,"MAR 14, 1999",25,6,Duke,Traded From DET On 01/14/24,WASHINGTON WIZARDS,https://www.nba.com/player/1628963/marvin-bagley-iii/
Christian Braun,0,G,6-6,220 lbs,"APR 17, 2001",23,2,Kansas,#21 Pick In 2022 Draft,DENVER NUGGETS,https://www.nba.com/player/1631128/christian-braun/
Michael Porter Jr.,1,F,6-10,218 lbs,"JUN 29, 1998",26,5,Missouri,#14 Pick In 2018 Draft,DENVER NUGGETS,https://www.nba.com/player/1629008/michael-porter-jr/
Julian Strawther,3,G,6-6,205 lbs,"APR 18, 2002",22,1,Gonzaga,Draft Rights Traded From IND On 06/23/23,DENVER NUGGETS,https://www.nba.com/player/1631124/julian-strawther/
Russell Westbrook,4,G,6-4,200 lbs,"NOV 12, 1988",36,16,UCLA,Signed On 07/26/24,DENVER NUGGETS,https://www.nba.com/player/201566/russell-westbrook/
Hunter Tyson,5,F,6-8,215 lbs,"JUN 13, 2000",24,1,Clemson,Draft Rights Traded From OKC On 06/23/23,DENVER NUGGETS,https://www.nba.com/player/1641816/hunter-tyson/
DeAndre Jordan,6,C,6-11,265 lbs,"JUL 21, 1988",36,16,Texas A&M,Signed On 07/11/22,DENVER NUGGETS,https://www.nba.com/player/201599/deandre-jordan/
Peyton Watson,8,G,6-7,200 lbs,"SEP 11, 2002",22,2,UCLA,Draft Rights Traded From OKC On 06/23/22,DENVER NUGGETS,https://www.nba.com/player/1631212/peyton-watson/
Dario Šarić,9,F-C,6-10,225 lbs,"APR 08, 1994",30,7,Anadolu Efes,Signed On 07/12/24,DENVER NUGGETS,https://www.nba.com/player/203967/dario-%C5%A1ari%C4%87/
PJ Hall,13,C,6-10,245 lbs,"FEB 21, 2002",22,R,Clemson,Signed On 07/10/24,DENVER NUGGETS,https://www.nba.com/player/1641790/pj-hall/
DaRon Holmes II,14,F,6-10,225 lbs,"AUG 15, 2002",22,R,Dayton,Draft Rights Traded From PHX On 06/26/24,DENVER NUGGETS,https://www.nba.com/player/1641747/daron-holmes-ii/
Nikola Jokić,15,C,6-11,284 lbs,"FEB 19, 1995",29,9,Mega Basket,#41 Pick In 2014 Draft,DENVER NUGGETS,https://www.nba.com/player/203999/nikola-joki%C4%87/
Spencer Jones,21,F,6-7,225 lbs,"JUN 14, 2001",23,R,Stanford,Signed On 07/30/24,DENVER NUGGETS,https://www.nba.com/player/1642461/spencer-jones/
Zeke Nnaji,22,F-C,6-9,240 lbs,"JAN 09, 2001",23,4,Arizona,#22 Pick In 2020 Draft,DENVER NUGGETS,https://www.nba.com/player/1630192/zeke-nnaji/
Trey Alexander,23,G,6-4,185 lbs,"MAY 02, 2003",21,R,Creighton,Signed On 07/03/24,DENVER NUGGETS,https://www.nba.com/player/1641725/trey-alexander/
Jalen Pickett,24,G,6-2,202 lbs,"OCT 22, 1999",25,1,Penn State,Draft Rights Traded From IND On 06/23/23,DENVER NUGGETS,https://www.nba.com/player/1629618/jalen-pickett/
Jamal Murray,27,G,6-4,215 lbs,"FEB 23, 1997",27,7,Kentucky,#7 Pick In 2016 Draft,DENVER NUGGETS,https://www.nba.com/player/1627750/jamal-murray/
Vlatko Čančar,31,F,6-8,236 lbs,"APR 10, 1997",27,4,San Pablo Burgos,#49 Pick In 2017 Draft,DENVER NUGGETS,https://www.nba.com/player/1628427/vlatko-%C4%8Dan%C4%8Dar/
Aaron Gordon,32,F,6-8,235 lbs,"SEP 16, 1995",29,10,Arizona,Traded From ORL On 03/25/21,DENVER NUGGETS,https://www.nba.com/player/203932/aaron-gordon/
Terrence Shannon Jr.,00,G-F,6-6,215 lbs,"JUL 30, 2000",24,R,Illinois,#27 Pick In 2024 Draft,MINNESOTA TIMBERWOLVES,https://www.nba.com/player/1630545/terrence-shannon-jr/
Donte DiVincenzo,0,G,6-4,203 lbs,"JAN 31, 1997",27,6,Villanova,Traded From NYK On 10/02/24,MINNESOTA TIMBERWOLVES,https://www.nba.com/player/1628978/donte-divincenzo/
Daishen Nix,1,G,6-4,238 lbs,"FEB 13, 2002",22,3,NBA G League Ignite,Signed On 09/21/23,MINNESOTA TIMBERWOLVES,https://www.nba.com/player/1630227/daishen-nix/
Jaden McDaniels,3,F,6-9,185 lbs,"SEP 29, 2000",24,4,Washington,Draft Rights Traded From OKC On 11/20/20,MINNESOTA TIMBERWOLVES,https://www.nba.com/player/1630183/jaden-mcdaniels/
Rob Dillingham,4,G,6-3,175 lbs,"JAN 04, 2005",19,R,Kentucky,Draft Rights Traded From SAS On 06/26/24,MINNESOTA TIMBERWOLVES,https://www.nba.com/player/1642265/rob-dillingham/
Anthony Edwards,5,G,6-4,225 lbs,"AUG 05, 2001",23,4,Georgia,#1 Pick In 2020 Draft,MINNESOTA TIMBERWOLVES,https://www.nba.com/player/1630162/anthony-edwards/
Joe Ingles,7,F-G,6-8,220 lbs,"OCT 02, 1987",37,10,Maccabi Tel Aviv,Signed On 07/06/24,MINNESOTA TIMBERWOLVES,https://www.nba.com/player/204060/joe-ingles/
Josh Minott,8,F,6-8,205 lbs,"NOV 25, 2002",21,2,Memphis,Draft Rights Traded From CHA On 06/24/22,MINNESOTA TIMBERWOLVES,https://www.nba.com/player/1631169/josh-minott/
Nickeil Alexander-Walker,9,G,6-5,205 lbs,"SEP 02, 1998",26,5,Virginia Tech,Traded From UTA On 02/09/23,MINNESOTA TIMBERWOLVES,https://www.nba.com/player/1629638/nickeil-alexander-walker/
Mike Conley,10,G,6-0,175 lbs,"OCT 11, 1987",37,17,Ohio State,Traded From UTA On 02/09/23,MINNESOTA TIMBERWOLVES,https://www.nba.com/player/201144/mike-conley/
Naz Reid,11,C-F,6-9,264 lbs,"AUG 26, 1999",25,5,Louisiana State,Signed On 07/04/19,MINNESOTA TIMBERWOLVES,https://www.nba.com/player/1629675/naz-reid/
Jesse Edwards,14,C,7-0,236 lbs,"MAR 18, 2000",24,R,West Virginia,Signed On 07/09/24,MINNESOTA TIMBERWOLVES,https://www.nba.com/player/1642399/jesse-edwards/
Jaylen Clark,22,G,6-4,205 lbs,"OCT 13, 2001",23,R,UCLA,#53 Pick In 2023 Draft,MINNESOTA TIMBERWOLVES,https://www.nba.com/player/1641740/jaylen-clark/
Rudy Gobert,27,C,7-1,258 lbs,"JUN 26, 1992",32,11,Cholet,Traded From UTA On 07/06/22,MINNESOTA TIMBERWOLVES,https://www.nba.com/player/203497/rudy-gobert/
Julius Randle,30,F-C,6-9,250 lbs,"NOV 29, 1994",29,10,Kentucky,Traded From NYK On 10/02/24,MINNESOTA TIMBERWOLVES,https://www.nba.com/player/203944/julius-randle/
Leonard Miller,33,F,6-10,220 lbs,"NOV 26, 2003",20,1,NBA G League Ignite,Draft Rights Traded From SAS On 06/23/23,MINNESOTA TIMBERWOLVES,https://www.nba.com/player/1631159/leonard-miller/
PJ Dozier,35,G-F,6-6,205 lbs,"OCT 25, 1996",28,6,South Carolina,Signed On 07/15/24,MINNESOTA TIMBERWOLVES,https://www.nba.com/player/1628408/pj-dozier/
Luka Garza,55,C,6-10,243 lbs,"DEC 27, 1998",25,3,Iowa,Signed On 08/22/22,MINNESOTA TIMBERWOLVES,https://www.nba.com/player/1630568/luka-garza/
Shai Gilgeous-Alexander,2,G,6-6,195 lbs,"JUL 12, 1998",26,6,Kentucky,Traded From LAC On 07/10/19,OKLAHOMA CITY THUNDER,https://www.nba.com/player/1628983/shai-gilgeous-alexander/
Dillon Jones,3,F,6-5,235 lbs,"OCT 29, 2001",23,R,Weber State,Draft Rights Traded From NYK On 06/27/24,OKLAHOMA CITY THUNDER,https://www.nba.com/player/1641794/dillon-jones/
Luguentz Dort,5,G,6-4,220 lbs,"APR 19, 1999",25,5,Arizona State,Signed On 07/06/19,OKLAHOMA CITY THUNDER,https://www.nba.com/player/1629652/luguentz-dort/
Jaylin Williams,6,F,6-9,240 lbs,"JUN 29, 2002",22,2,Arkansas,#34 Pick In 2022 Draft,OKLAHOMA CITY THUNDER,https://www.nba.com/player/1631119/jaylin-williams/
Chet Holmgren,7,C-F,7-1,208 lbs,"MAY 01, 2002",22,1,Gonzaga,#2 Pick In 2022 Draft,OKLAHOMA CITY THUNDER,https://www.nba.com/player/1631096/chet-holmgren/
Jalen Williams,8,G-F,6-5,211 lbs,"APR 14, 2001",23,2,Santa Clara,#12 Pick In 2022 Draft,OKLAHOMA CITY THUNDER,https://www.nba.com/player/1631114/jalen-williams/
Alex Caruso,9,G,6-5,186 lbs,"FEB 28, 1994",30,7,Texas A&M,Traded From CHI On 06/21/24,OKLAHOMA CITY THUNDER,https://www.nba.com/player/1627936/alex-caruso/
Isaiah Joe,11,G,6-3,165 lbs,"JUL 02, 1999",25,4,Arkansas,Signed On 10/16/22,OKLAHOMA CITY THUNDER,https://www.nba.com/player/1630198/isaiah-joe/
Ousmane Dieng,13,F,6-9,185 lbs,"MAY 21, 2003",21,2,New Zealand Breakers,Draft Rights Traded From NYK On 06/23/22,OKLAHOMA CITY THUNDER,https://www.nba.com/player/1631172/ousmane-dieng/
Adam Flagler,14,G,6-3,180 lbs,"DEC 01, 1999",24,1,Baylor,Signed On 10/19/23,OKLAHOMA CITY THUNDER,https://www.nba.com/player/1641745/adam-flagler/
Branden Carlson,15,C,7-0,220 lbs,"JUN 14, 1999",25,R,Utah,Signed On 11/16/24,OKLAHOMA CITY THUNDER,https://www.nba.com/player/1642382/branden-carlson/
Aaron Wiggins,21,G,6-5,190 lbs,"JAN 02, 1999",25,3,Maryland,#55 Pick In 2021 Draft,OKLAHOMA CITY THUNDER,https://www.nba.com/player/1630598/aaron-wiggins/
Cason Wallace,22,G,6-3,195 lbs,"NOV 07, 2003",21,1,Kentucky,Draft Rights Traded From DAL On 07/06/23,OKLAHOMA CITY THUNDER,https://www.nba.com/player/1641717/cason-wallace/
Ajay Mitchell,25,G,6-5,190 lbs,"JUN 25, 2002",22,R,California-Santa Barbara,Draft Rights Traded From NYK On 06/27/24,OKLAHOMA CITY THUNDER,https://www.nba.com/player/1642349/ajay-mitchell/
Kenrich Williams,34,G-F,6-6,210 lbs,"DEC 02, 1994",29,6,TCU,Traded From NOP On 11/23/20,OKLAHOMA CITY THUNDER,https://www.nba.com/player/1629026/kenrich-williams/
Nikola Topić,44,G,6-6,200 lbs,"AUG 10, 2005",19,R,Crvena Zvezda,#12 Pick In 2024 Draft,OKLAHOMA CITY THUNDER,https://www.nba.com/player/1642260/nikola-topi%C4%87/
Isaiah Hartenstein,55,C-F,7-0,250 lbs,"MAY 05, 1998",26,6,Zalgiris,Signed On 07/06/24,OKLAHOMA CITY THUNDER,https://www.nba.com/player/1628392/isaiah-hartenstein/
Alex Ducas,88,G,6-7,220 lbs,"DEC 11, 2000",23,R,Mount Saint Mary'S,Signed On 07/15/24,OKLAHOMA CITY THUNDER,https://www.nba.com/player/1642505/alex-ducas/
Scoot Henderson,00,G,6-3,206 lbs,"FEB 03, 2004",20,1,NBA G League Ignite,#3 Pick In 2023 Draft,PORTLAND TRAIL BLAZERS,https://www.nba.com/player/1630703/scoot-henderson/
Anfernee Simons,1,G,6-3,200 lbs,"JUN 08, 1999",25,6,Edgewater HS (FL),#24 Pick In 2018 Draft,PORTLAND TRAIL BLAZERS,https://www.nba.com/player/1629014/anfernee-simons/
Deandre Ayton,2,C,7-0,252 lbs,"JUL 23, 1998",26,6,Arizona,Traded From PHX On 09/27/23,PORTLAND TRAIL BLAZERS,https://www.nba.com/player/1629028/deandre-ayton/
Matisse Thybulle,4,G-F,6-5,201 lbs,"MAR 04, 1997",27,5,Washington,Traded From PHI On 02/09/23,PORTLAND TRAIL BLAZERS,https://www.nba.com/player/1629680/matisse-thybulle/
Dalano Banton,5,F,6-8,203 lbs,"NOV 07, 1999",25,3,Nebraska,Traded From BOS On 02/08/24,PORTLAND TRAIL BLAZERS,https://www.nba.com/player/1630625/dalano-banton/
Deni Avdija,8,F,6-9,240 lbs,"JAN 03, 2001",23,4,Maccabi Tel Aviv,Traded From WAS On 07/06/24,PORTLAND TRAIL BLAZERS,https://www.nba.com/player/1630166/deni-avdija/
Jerami Grant,9,F,6-7,210 lbs,"MAR 12, 1994",30,10,Syracuse,Traded From DET On 07/06/22,PORTLAND TRAIL BLAZERS,https://www.nba.com/player/203924/jerami-grant/
Justin Minaya,10,F,6-5,205 lbs,"MAR 26, 1999",25,2,Providence,Signed On 04/04/23,PORTLAND TRAIL BLAZERS,https://www.nba.com/player/1631303/justin-minaya/
Bryce McGowens,11,G,6-6,190 lbs,"NOV 08, 2002",22,2,Nebraska,Signed On 07/11/24,PORTLAND TRAIL BLAZERS,https://www.nba.com/player/1631121/bryce-mcgowens/
Shaedon Sharpe,17,G,6-5,208 lbs,"MAY 30, 2003",21,2,Kentucky,#7 Pick In 2022 Draft,PORTLAND TRAIL BLAZERS,https://www.nba.com/player/1631101/shaedon-sharpe/
Rayan Rupert,21,G-F,6-6,195 lbs,"MAY 31, 2004",20,1,New Zealand Breakers,#43 Pick In 2023 Draft,PORTLAND TRAIL BLAZERS,https://www.nba.com/player/1641712/rayan-rupert/
Donovan Clingan,23,C,7-2,280 lbs,"FEB 23, 2004",20,R,Connecticut,#7 Pick In 2024 Draft,PORTLAND TRAIL BLAZERS,https://www.nba.com/player/1642270/donovan-clingan/
Kris Murray,24,F,6-8,216 lbs,"AUG 19, 2000",24,1,Iowa,#23 Pick In 2023 Draft,PORTLAND TRAIL BLAZERS,https://www.nba.com/player/1631200/kris-murray/
Duop Reath,26,C,6-9,245 lbs,"JUN 26, 1996",28,1,Louisiana State,Signed On 10/02/23,PORTLAND TRAIL BLAZERS,https://www.nba.com/player/1641871/duop-reath/
Toumani Camara,33,F,6-7,229 lbs,"MAY 08, 2000",24,1,Dayton,Traded From PHX On 09/27/23,PORTLAND TRAIL BLAZERS,https://www.nba.com/player/1641739/toumani-camara/
Jabari Walker,34,F,6-7,237 lbs,"JUL 30, 2002",22,2,Colorado,#57 Pick In 2022 Draft,PORTLAND TRAIL BLAZERS,https://www.nba.com/player/1631133/jabari-walker/
Robert Williams III,35,C-F,6-9,249 lbs,"OCT 17, 1997",27,6,Texas A&M,Traded From BOS On 10/01/23,PORTLAND TRAIL BLAZERS,https://www.nba.com/player/1629057/robert-williams-iii/
Taze Moore,76,G,6-5,195 lbs,"JUN 29, 1998",26,1,Houston,Signed On 01/20/24,PORTLAND TRAIL BLAZERS,https://www.nba.com/player/1631386/taze-moore/
Jordan Clarkson,00,G,6-3,194 lbs,"JUN 07, 1992",32,10,Missouri,Traded From CLE On 12/23/19,UTAH JAZZ,https://www.nba.com/player/203903/jordan-clarkson/
Taylor Hendricks,0,F,6-9,215 lbs,"NOV 22, 2003",20,1,Central Florida,#9 Pick In 2023 Draft,UTAH JAZZ,https://www.nba.com/player/1641707/taylor-hendricks/
Collin Sexton,2,G,6-3,190 lbs,"JAN 04, 1999",25,6,Alabama,Traded From CLE On 09/03/22,UTAH JAZZ,https://www.nba.com/player/1629012/collin-sexton/
Keyonte George,3,G,6-4,185 lbs,"NOV 08, 2003",21,1,Baylor,#16 Pick In 2023 Draft,UTAH JAZZ,https://www.nba.com/player/1641718/keyonte-george/
Cody Williams,5,F,6-7,190 lbs,"NOV 20, 2004",20,R,Colorado,#10 Pick In 2024 Draft,UTAH JAZZ,https://www.nba.com/player/1642262/cody-williams/
Patty Mills,8,G,6-2,180 lbs,"AUG 11, 1988",36,15,St. Mary'S,Signed On 09/05/24,UTAH JAZZ,https://www.nba.com/player/201988/patty-mills/
Jason Preston,10,G,6-3,181 lbs,"AUG 10, 1999",25,2,Ohio,Signed On 01/08/24,UTAH JAZZ,https://www.nba.com/player/1630554/jason-preston/
Isaiah Collier,13,G,6-3,210 lbs,"OCT 08, 2004",20,R,Southern California,#29 Pick In 2024 Draft,UTAH JAZZ,https://www.nba.com/player/1642268/isaiah-collier/
Drew Eubanks,15,F-C,6-10,245 lbs,"FEB 01, 1997",27,6,Oregon State,Signed On 08/10/24,UTAH JAZZ,https://www.nba.com/player/1629234/drew-eubanks/
Svi Mykhailiuk,19,G-F,6-7,205 lbs,"JUN 10, 1997",27,6,Kansas,Signed On 08/10/24,UTAH JAZZ,https://www.nba.com/player/1629004/svi-mykhailiuk/
John Collins,20,F-C,6-9,226 lbs,"SEP 23, 1997",27,7,Wake Forest,Traded From ATL On 07/07/23,UTAH JAZZ,https://www.nba.com/player/1628381/john-collins/
Kyle Filipowski,22,C,6-11,250 lbs,"NOV 07, 2003",21,R,Duke,#32 Pick In 2024 Draft,UTAH JAZZ,https://www.nba.com/player/1642271/kyle-filipowski/
Lauri Markkanen,23,F-C,7-0,240 lbs,"MAY 22, 1997",27,7,Arizona,Traded From CLE On 09/03/22,UTAH JAZZ,https://www.nba.com/player/1628374/lauri-markkanen/
Walker Kessler,24,C,7-0,245 lbs,"JUL 26, 2001",23,2,Auburn,Draft Rights Traded From MIN On 07/06/22,UTAH JAZZ,https://www.nba.com/player/1631117/walker-kessler/
Micah Potter,25,C,6-9,248 lbs,"APR 06, 1998",26,3,Wisconsin,Signed On 10/12/22,UTAH JAZZ,https://www.nba.com/player/1630695/micah-potter/
Brice Sensabaugh,28,F,6-5,235 lbs,"OCT 30, 2003",21,1,Ohio State,#28 Pick In 2023 Draft,UTAH JAZZ,https://www.nba.com/player/1641729/brice-sensabaugh/
Johnny Juzang,33,G,6-5,209 lbs,"MAR 17, 2001",23,2,UCLA,Signed On 07/15/22,UTAH JAZZ,https://www.nba.com/player/1630548/johnny-juzang/
Oscar Tshiebwe,34,F-C,6-8,255 lbs,"NOV 27, 1999",24,1,Kentucky,Signed On 08/12/24,UTAH JAZZ,https://www.nba.com/player/1631131/oscar-tshiebwe/
Gary Payton II,0,G,6-2,195 lbs,"DEC 01, 1992",31,8,Oregon State,Traded From POR On 02/09/23,GOLDEN STATE WARRIORS,https://www.nba.com/player/1627780/gary-payton-ii/
Jonathan Kuminga,00,F,6-7,225 lbs,"OCT 06, 2002",22,3,NBA G League Ignite,#7 Pick In 2021 Draft,GOLDEN STATE WARRIORS,https://www.nba.com/player/1630228/jonathan-kuminga/
Kyle Anderson,1,F-G,6-9,230 lbs,"SEP 20, 1993",31,10,UCLA,Traded From MIN On 07/06/24,GOLDEN STATE WARRIORS,https://www.nba.com/player/203937/kyle-anderson/
Brandin Podziemski,2,G,6-4,205 lbs,"FEB 25, 2003",21,1,Santa Clara,#19 Pick In 2023 Draft,GOLDEN STATE WARRIORS,https://www.nba.com/player/1641764/brandin-podziemski/
Reece Beekman,3,G,6-3,190 lbs,"OCT 08, 2001",23,R,Virginia,Signed On 07/03/24,GOLDEN STATE WARRIORS,https://www.nba.com/player/1641736/reece-beekman/
Moses Moody,4,G,6-5,211 lbs,"MAY 31, 2002",22,3,Arkansas,#14 Pick In 2021 Draft,GOLDEN STATE WARRIORS,https://www.nba.com/player/1630541/moses-moody/
Kevon Looney,5,F,6-9,222 lbs,"FEB 06, 1996",28,9,UCLA,#30 Pick In 2015 Draft,GOLDEN STATE WARRIORS,https://www.nba.com/player/1626172/kevon-looney/
Buddy Hield,7,G,6-4,220 lbs,"DEC 17, 1992",31,8,Oklahoma,Traded From PHI On 07/06/24,GOLDEN STATE WARRIORS,https://www.nba.com/player/1627741/buddy-hield/
De'Anthony Melton,8,G,6-3,200 lbs,"MAY 28, 1998",26,6,Southern California,Signed On 07/08/24,GOLDEN STATE WARRIORS,https://www.nba.com/player/1629001/deanthony-melton/
Gui Santos,15,F,6-6,185 lbs,"JUN 22, 2002",22,1,Minas,#55 Pick In 2022 Draft,GOLDEN STATE WARRIORS,https://www.nba.com/player/1630611/gui-santos/
Quinten Post,21,C,7-0,238 lbs,"MAR 21, 2000",24,R,Boston College,Draft Rights Traded From POR On 07/06/24,GOLDEN STATE WARRIORS,https://www.nba.com/player/1642366/quinten-post/
Andrew Wiggins,22,F,6-7,197 lbs,"FEB 23, 1995",29,10,Kansas,Traded From MIN On 02/06/20,GOLDEN STATE WARRIORS,https://www.nba.com/player/203952/andrew-wiggins/
Draymond Green,23,F,6-6,230 lbs,"MAR 04, 1990",34,12,Michigan State,#35 Pick In 2012 Draft,GOLDEN STATE WARRIORS,https://www.nba.com/player/203110/draymond-green/
Stephen Curry,30,G,6-2,185 lbs,"MAR 14, 1988",36,15,Davidson,#7 Pick In 2009 Draft,GOLDEN STATE WARRIORS,https://www.nba.com/player/201939/stephen-curry/
Trayce Jackson-Davis,32,F,6-9,245 lbs,"FEB 22, 2000",24,1,Indiana,Draft Rights Traded From WAS On 06/23/23,GOLDEN STATE WARRIORS,https://www.nba.com/player/1631218/trayce-jackson-davis/
Lindy Waters III,43,F,6-6,210 lbs,"JUL 28, 1997",27,3,Oklahoma State,Traded From OKC On 06/27/24,GOLDEN STATE WARRIORS,https://www.nba.com/player/1630322/lindy-waters-iii/
Pat Spencer,61,G,6-3,205 lbs,"JUL 04, 1996",28,1,Northwestern,Signed On 07/23/22,GOLDEN STATE WARRIORS,https://www.nba.com/player/1630311/pat-spencer/
James Harden,1,G,6-5,220 lbs,"AUG 26, 1989",35,15,Arizona State,Traded From PHI On 11/01/23,LA CLIPPERS,https://www.nba.com/player/201935/james-harden/
Kawhi Leonard,2,F,6-7,225 lbs,"JUN 29, 1991",33,12,San Diego State,Signed On 07/09/19,LA CLIPPERS,https://www.nba.com/player/202695/kawhi-leonard/
Mo Bamba,4,C,7-0,231 lbs,"MAY 12, 1998",26,6,Texas,Signed On 07/03/24,LA CLIPPERS,https://www.nba.com/player/1628964/mo-bamba/
Bones Hyland,5,G,6-2,169 lbs,"SEP 14, 2000",24,3,Virginia Commonwealth,Traded From DEN On 02/09/23,LA CLIPPERS,https://www.nba.com/player/1630538/bones-hyland/
Amir Coffey,7,G-F,6-7,210 lbs,"JUN 17, 1997",27,5,Minnesota,Signed On 07/09/19,LA CLIPPERS,https://www.nba.com/player/1629599/amir-coffey/
Kris Dunn,8,G,6-3,205 lbs,"MAR 18, 1994",30,8,Providence,Traded From UTA On 07/18/24,LA CLIPPERS,https://www.nba.com/player/1627739/kris-dunn/
Trentyn Flowers,9,F,6-9,185 lbs,"MAR 08, 2005",19,R,Adelaide,Signed On 07/24/24,LA CLIPPERS,https://www.nba.com/player/1642280/trentyn-flowers/
Jordan Miller,11,G,6-5,194 lbs,"JAN 23, 2000",24,1,Miami,#48 Pick In 2023 Draft,LA CLIPPERS,https://www.nba.com/player/1641757/jordan-miller/
Cam Christie,12,G,6-6,190 lbs,"JUL 24, 2005",19,R,Minnesota,#46 Pick In 2024 Draft,LA CLIPPERS,https://www.nba.com/player/1642353/cam-christie/
Terance Mann,14,G-F,6-5,215 lbs,"OCT 18, 1996",28,5,Florida State,#48 Pick In 2019 Draft,LA CLIPPERS,https://www.nba.com/player/1629611/terance-mann/
P.J. Tucker,17,F,6-5,245 lbs,"MAY 05, 1985",39,13,Texas,Traded From PHI On 11/01/23,LA CLIPPERS,https://www.nba.com/player/200782/pj-tucker/
Kobe Brown,21,F,6-7,250 lbs,"JAN 01, 2000",24,1,Missouri,#30 Pick In 2023 Draft,LA CLIPPERS,https://www.nba.com/player/1641738/kobe-brown/
Kai Jones,23,C-F,6-11,221 lbs,"JAN 19, 2001",23,2,Texas,Signed On 04/14/24,LA CLIPPERS,https://www.nba.com/player/1630539/kai-jones/
Norman Powell,24,G,6-4,215 lbs,"MAY 25, 1993",31,9,UCLA,Traded From POR On 02/04/22,LA CLIPPERS,https://www.nba.com/player/1626181/norman-powell/
Nicolas Batum,33,G-F,6-8,230 lbs,"DEC 14, 1988",35,16,Le Mans,Signed On 07/09/24,LA CLIPPERS,https://www.nba.com/player/201587/nicolas-batum/
Ivica Zubac,40,C,7-0,240 lbs,"MAR 18, 1997",27,8,Mega Basket,Traded From LAL On 02/07/19,LA CLIPPERS,https://www.nba.com/player/1627826/ivica-zubac/
Derrick Jones Jr.,55,F,6-6,210 lbs,"FEB 15, 1997",27,8,UNLV,Signed On 07/09/24,LA CLIPPERS,https://www.nba.com/player/1627884/derrick-jones-jr/
Kevin Porter Jr.,77,G-F,6-4,203 lbs,"MAY 04, 2000",24,4,Southern California,Signed On 07/10/24,LA CLIPPERS,https://www.nba.com/player/1629645/kevin-porter-jr/
Jalen Hood-Schifino,0,G,6-5,215 lbs,"JUN 19, 2003",21,1,Indiana,#17 Pick In 2023 Draft,LOS ANGELES LAKERS,https://www.nba.com/player/1641720/jalen-hood-schifino/
D'Angelo Russell,1,G,6-3,193 lbs,"FEB 23, 1996",28,9,Ohio State,Traded From MIN On 02/09/23,LOS ANGELES LAKERS,https://www.nba.com/player/1626156/dangelo-russell/
Jarred Vanderbilt,2,F,6-8,214 lbs,"APR 03, 1999",25,6,Kentucky,Traded From UTA On 02/09/23,LOS ANGELES LAKERS,https://www.nba.com/player/1629020/jarred-vanderbilt/
Anthony Davis,3,F-C,6-10,253 lbs,"MAR 11, 1993",31,12,Kentucky,Traded From NOP On 07/06/19,LOS ANGELES LAKERS,https://www.nba.com/player/203076/anthony-davis/
Dalton Knecht,4,F,6-6,215 lbs,"APR 19, 2001",23,R,Tennessee,#17 Pick In 2024 Draft,LOS ANGELES LAKERS,https://www.nba.com/player/1642261/dalton-knecht/
Cam Reddish,5,F-G,6-7,217 lbs,"SEP 01, 1999",25,5,Duke,Signed On 07/06/23,LOS ANGELES LAKERS,https://www.nba.com/player/1629629/cam-reddish/
Gabe Vincent,7,G,6-2,200 lbs,"JUN 14, 1996",28,5,California-Santa Barbara,Signed On 07/06/23,LOS ANGELES LAKERS,https://www.nba.com/player/1629216/gabe-vincent/
Bronny James,9,G,6-2,210 lbs,"OCT 06, 2004",20,R,Southern California,#55 Pick In 2024 Draft,LOS ANGELES LAKERS,https://www.nba.com/player/1642355/bronny-james/
Christian Koloko,10,C,7-0,230 lbs,"JUN 20, 2000",24,1,Arizona,Signed On 09/16/24,LOS ANGELES LAKERS,https://www.nba.com/player/1631132/christian-koloko/
Jaxson Hayes,11,C-F,7-0,220 lbs,"MAY 23, 2000",24,5,Texas,Signed On 07/06/23,LOS ANGELES LAKERS,https://www.nba.com/player/1629637/jaxson-hayes/
Max Christie,12,G,6-5,190 lbs,"FEB 10, 2003",21,2,Michigan State,#35 Pick In 2022 Draft,LOS ANGELES LAKERS,https://www.nba.com/player/1631108/max-christie/
Austin Reaves,15,G,6-5,197 lbs,"MAY 29, 1998",26,3,Oklahoma,Signed On 08/03/21,LOS ANGELES LAKERS,https://www.nba.com/player/1630559/austin-reaves/
Maxwell Lewis,20,F,6-7,195 lbs,"JUL 27, 2002",22,1,Pepperdine,Draft Rights Traded From DEN On 06/23/23,LOS ANGELES LAKERS,https://www.nba.com/player/1641721/maxwell-lewis/
LeBron James,23,F,6-9,250 lbs,"DEC 30, 1984",39,21,St. Vincent-St. Mary HS (OH),Signed On 07/09/18,LOS ANGELES LAKERS,https://www.nba.com/player/2544/lebron-james/
Rui Hachimura,28,F,6-8,230 lbs,"FEB 08, 1998",26,5,Gonzaga,Traded From WAS On 01/23/23,LOS ANGELES LAKERS,https://www.nba.com/player/1629060/rui-hachimura/
Christian Wood,35,F,6-8,214 lbs,"SEP 27, 1995",29,8,UNLV,Signed On 09/06/23,LOS ANGELES LAKERS,https://www.nba.com/player/1626174/christian-wood/
Quincy Olivari,41,G,6-3,lbs,"MAY 27, 2001",23,R,Xavier,Signed On 08/13/24,LOS ANGELES LAKERS,https://www.nba.com/player/1642439/quincy-olivari/
Armel Traore,94,F,6-8,215 lbs,"JAN 23, 2003",21,R,ADA Blois,Signed On 07/03/24,LOS ANGELES LAKERS,https://www.nba.com/player/1642422/armel-traore/
Royce O'Neale,00,F,6-6,226 lbs,"JUN 05, 1993",31,7,Baylor,Traded From BKN On 02/08/24,PHOENIX SUNS,https://www.nba.com/player/1626220/royce-oneale/
Ryan Dunn,0,F,6-8,216 lbs,"JAN 07, 2003",21,R,Virginia,Draft Rights Traded From DEN On 06/26/24,PHOENIX SUNS,https://www.nba.com/player/1642346/ryan-dunn/
Devin Booker,1,G,6-6,206 lbs,"OCT 30, 1996",28,9,Kentucky,#13 Pick In 2015 Draft,PHOENIX SUNS,https://www.nba.com/player/1626164/devin-booker/
Josh Okogie,2,G,6-4,213 lbs,"SEP 01, 1998",26,6,Georgia Tech,Signed On 07/02/22,PHOENIX SUNS,https://www.nba.com/player/1629006/josh-okogie/
Bradley Beal,3,G,6-4,207 lbs,"JUN 28, 1993",31,12,Florida,Traded From WAS On 06/23/23,PHOENIX SUNS,https://www.nba.com/player/203078/bradley-beal/
Oso Ighodaro,4,F,7-0,235 lbs,"JUL 14, 2002",22,R,Marquette,Draft Rights Traded From NYK On 06/27/24,PHOENIX SUNS,https://www.nba.com/player/1642345/oso-ighodaro/
Grayson Allen,8,G,6-4,198 lbs,"OCT 08, 1995",29,6,Duke,Traded From MIL On 09/27/23,PHOENIX SUNS,https://www.nba.com/player/1628960/grayson-allen/
Damion Lee,10,G-F,6-6,210 lbs,"OCT 21, 1992",32,6,Drexel,Signed On 07/01/22,PHOENIX SUNS,https://www.nba.com/player/1627814/damion-lee/
Bol Bol,11,C-F,7-3,220 lbs,"NOV 16, 1999",25,5,Oregon,Signed On 07/18/23,PHOENIX SUNS,https://www.nba.com/player/1629626/bol-bol/
Collin Gillespie,12,G,6-1,195 lbs,"JUN 25, 1999",25,1,Villanova,Signed On 07/02/24,PHOENIX SUNS,https://www.nba.com/player/1631221/collin-gillespie/
TyTy Washington Jr.,14,G,6-3,195 lbs,"NOV 15, 2001",23,2,Kentucky,Signed On 08/02/24,PHOENIX SUNS,https://www.nba.com/player/1631102/tyty-washington-jr/
Jalen Bridges,15,F,6-8,225 lbs,"MAY 14, 2001",23,R,Baylor,Signed On 07/02/24,PHOENIX SUNS,https://www.nba.com/player/1641779/jalen-bridges/
Jusuf Nurkić,20,C,7-0,290 lbs,"AUG 23, 1994",30,10,Cedevita,Traded From POR On 09/27/23,PHOENIX SUNS,https://www.nba.com/player/203994/jusuf-nurki%C4%87/
Tyus Jones,21,G,6-1,196 lbs,"MAY 10, 1996",28,9,Duke,Signed On 07/29/24,PHOENIX SUNS,https://www.nba.com/player/1626145/tyus-jones/
Mason Plumlee,22,F-C,6-10,254 lbs,"MAR 05, 1990",34,11,Duke,Signed On 07/03/24,PHOENIX SUNS,https://www.nba.com/player/203486/mason-plumlee/
Monté Morris,23,G,6-2,183 lbs,"JUN 27, 1995",29,7,Iowa State,Signed On 07/03/24,PHOENIX SUNS,https://www.nba.com/player/1628420/mont%C3%A9-morris/
Kevin Durant,35,F,6-11,240 lbs,"SEP 29, 1988",36,16,Texas,Traded From BKN On 02/09/23,PHOENIX SUNS,https://www.nba.com/player/201142/kevin-durant/
Malik Monk,0,G,6-3,200 lbs,"FEB 04, 1998",26,7,Kentucky,Signed On 07/06/22,SACRAMENTO KINGS,https://www.nba.com/player/1628370/malik-monk/
Jordan McLaughlin,3,G,6-0,185 lbs,"APR 09, 1996",28,5,Southern California,Signed On 07/09/24,SACRAMENTO KINGS,https://www.nba.com/player/1629162/jordan-mclaughlin/
De'Aaron Fox,5,G,6-3,185 lbs,"DEC 20, 1997",26,7,Kentucky,#5 Pick In 2017 Draft,SACRAMENTO KINGS,https://www.nba.com/player/1628368/deaaron-fox/
Doug McDermott,7,F,6-6,225 lbs,"JAN 03, 1992",32,10,Creighton,Signed On 10/16/24,SACRAMENTO KINGS,https://www.nba.com/player/203926/doug-mcdermott/
Mason Jones,8,G,6-4,200 lbs,"JUL 21, 1998",26,3,Arkansas,Signed On 02/09/24,SACRAMENTO KINGS,https://www.nba.com/player/1630222/mason-jones/
Kevin Huerter,9,G-F,6-7,198 lbs,"AUG 27, 1998",26,6,Maryland,Traded From ATL On 07/06/22,SACRAMENTO KINGS,https://www.nba.com/player/1628989/kevin-huerter/
DeMar DeRozan,10,G-F,6-6,220 lbs,"AUG 07, 1989",35,15,Southern California,Traded From CHI On 07/08/24,SACRAMENTO KINGS,https://www.nba.com/player/201942/demar-derozan/
Domantas Sabonis,11,F-C,6-10,240 lbs,"MAY 03, 1996",28,8,Gonzaga,Traded From IND On 02/08/22,SACRAMENTO KINGS,https://www.nba.com/player/1627734/domantas-sabonis/
Keegan Murray,13,F,6-8,225 lbs,"AUG 19, 2000",24,2,Iowa,#4 Pick In 2022 Draft,SACRAMENTO KINGS,https://www.nba.com/player/1631099/keegan-murray/
Isaac Jones,17,F,6-9,245 lbs,"JUL 11, 2000",24,R,Washington State,Signed On 07/03/24,SACRAMENTO KINGS,https://www.nba.com/player/1642403/isaac-jones/
Colby Jones,20,G,6-6,207 lbs,"MAY 28, 2002",22,1,Xavier,Draft Rights Traded From BOS On 06/28/23,SACRAMENTO KINGS,https://www.nba.com/player/1641732/colby-jones/
Devin Carter,22,G,6-2,195 lbs,"MAR 18, 2002",22,R,Providence,#13 Pick In 2024 Draft,SACRAMENTO KINGS,https://www.nba.com/player/1642269/devin-carter/
Keon Ellis,23,G,6-4,175 lbs,"JAN 08, 2000",24,2,Alabama,Signed On 07/02/22,SACRAMENTO KINGS,https://www.nba.com/player/1631165/keon-ellis/
Isaiah Crawford,24,F,6-6,220 lbs,"NOV 01, 2001",23,R,Louisiana Tech,Signed On 07/02/24,SACRAMENTO KINGS,https://www.nba.com/player/1642384/isaiah-crawford/
Alex Len,25,C,7-0,250 lbs,"JUN 16, 1993",31,11,Maryland,Signed On 08/13/21,SACRAMENTO KINGS,https://www.nba.com/player/203458/alex-len/
Trey Lyles,41,F,6-9,234 lbs,"NOV 05, 1995",29,9,Kentucky,Traded From DET On 02/10/22,SACRAMENTO KINGS,https://www.nba.com/player/1626168/trey-lyles/
Orlando Robinson,77,C,6-10,235 lbs,"JUL 10, 2000",24,2,Fresno State,Signed On 08/07/24,SACRAMENTO KINGS,https://www.nba.com/player/1631115/orlando-robinson/
Danté Exum,0,G,6-5,214 lbs,"JUL 13, 1995",29,7,Australian Institute Of Sport,Signed On 07/14/23,DALLAS MAVERICKS,https://www.nba.com/player/203957/dant%C3%A9-exum/
Jazian Gortman,00,G,6-2,184 lbs,"MAR 14, 2003",21,R,Overtime Elite,Signed On 07/10/24,DALLAS MAVERICKS,https://www.nba.com/player/1641789/jazian-gortman/
Jaden Hardy,1,G,6-3,198 lbs,"JUL 05, 2002",22,2,NBA G League Ignite,Draft Rights Traded From SAC On 06/24/22,DALLAS MAVERICKS,https://www.nba.com/player/1630702/jaden-hardy/
Dereck Lively II,2,C,7-1,230 lbs,"FEB 12, 2004",20,1,Duke,Draft Rights Traded From OKC On 07/06/23,DALLAS MAVERICKS,https://www.nba.com/player/1641726/dereck-lively-ii/
Quentin Grimes,5,G,6-4,210 lbs,"MAY 08, 2000",24,3,Houston,Traded From DET On 07/06/24,DALLAS MAVERICKS,https://www.nba.com/player/1629656/quentin-grimes/
Dwight Powell,7,F-C,6-10,240 lbs,"JUL 20, 1991",33,10,Stanford,Traded From BOS On 12/18/14,DALLAS MAVERICKS,https://www.nba.com/player/203939/dwight-powell/
Olivier-Maxence Prosper,8,F,6-7,230 lbs,"JUL 03, 2002",22,1,Marquette,Draft Rights Traded From SAC On 07/06/23,DALLAS MAVERICKS,https://www.nba.com/player/1641765/olivier-maxence-prosper/
Brandon Williams,10,G,6-1,190 lbs,"NOV 22, 1999",24,2,Arizona,Signed On 12/28/23,DALLAS MAVERICKS,https://www.nba.com/player/1630314/brandon-williams/
Kyrie Irving,11,G,6-2,195 lbs,"MAR 23, 1992",32,13,Duke,Traded From BKN On 02/06/23,DALLAS MAVERICKS,https://www.nba.com/player/202681/kyrie-irving/
Naji Marshall,13,F,6-6,220 lbs,"JAN 24, 1998",26,4,Xavier,Signed On 07/06/24,DALLAS MAVERICKS,https://www.nba.com/player/1630230/naji-marshall/
Kessler Edwards,20,F,6-7,203 lbs,"AUG 09, 2000",24,3,Pepperdine,Signed On 08/07/24,DALLAS MAVERICKS,https://www.nba.com/player/1630556/kessler-edwards/
Daniel Gafford,21,F-C,6-10,265 lbs,"OCT 01, 1998",26,5,Arkansas,Traded From WAS On 02/08/24,DALLAS MAVERICKS,https://www.nba.com/player/1629655/daniel-gafford/
P.J. Washington,25,F,6-6,230 lbs,"AUG 23, 1998",26,5,Kentucky,Traded From CHA On 02/08/24,DALLAS MAVERICKS,https://www.nba.com/player/1629023/pj-washington/
Spencer Dinwiddie,26,G,6-5,215 lbs,"APR 06, 1993",31,10,Colorado,Signed On 08/02/24,DALLAS MAVERICKS,https://www.nba.com/player/203915/spencer-dinwiddie/
Klay Thompson,31,G,6-5,220 lbs,"FEB 08, 1990",34,11,Washington State,Traded From GSW On 07/06/24,DALLAS MAVERICKS,https://www.nba.com/player/202691/klay-thompson/
Maxi Kleber,42,F,6-10,240 lbs,"JAN 29, 1992",32,7,Bayern Munich,Signed On 07/12/17,DALLAS MAVERICKS,https://www.nba.com/player/1628467/maxi-kleber/
Luka Dončić,77,F-G,6-6,230 lbs,"FEB 28, 1999",25,6,Real Madrid,Draft Rights Traded From ATL On 06/21/18,DALLAS MAVERICKS,https://www.nba.com/player/1629029/luka-don%C4%8Di%C4%87/
Markieff Morris,88,F,6-9,245 lbs,"SEP 02, 1989",35,13,Kansas,Traded From BKN On 02/06/23,DALLAS MAVERICKS,https://www.nba.com/player/202693/markieff-morris/
Aaron Holiday,0,G,6-0,185 lbs,"SEP 30, 1996",28,6,UCLA,Signed On 07/10/23,HOUSTON ROCKETS,https://www.nba.com/player/1628988/aaron-holiday/
Amen Thompson,1,G-F,6-7,200 lbs,"JAN 30, 2003",21,1,Overtime Elite,#4 Pick In 2023 Draft,HOUSTON ROCKETS,https://www.nba.com/player/1641708/amen-thompson/
Jock Landale,2,C,6-11,255 lbs,"OCT 25, 1995",29,3,St. Mary'S,Signed On 07/06/23,HOUSTON ROCKETS,https://www.nba.com/player/1629111/jock-landale/
N'Faly Dante,3,C,6-11,230 lbs,"OCT 19, 2001",23,R,Oregon,Signed On 07/09/24,HOUSTON ROCKETS,https://www.nba.com/player/1642368/nfaly-dante/
Jalen Green,4,G,6-4,186 lbs,"FEB 09, 2002",22,3,NBA G League Ignite,#2 Pick In 2021 Draft,HOUSTON ROCKETS,https://www.nba.com/player/1630224/jalen-green/
Fred VanVleet,5,G,6-0,197 lbs,"FEB 25, 1994",30,8,Wichita State,Signed On 07/07/23,HOUSTON ROCKETS,https://www.nba.com/player/1627832/fred-vanvleet/
Cam Whitmore,7,F,6-7,230 lbs,"JUL 08, 2004",20,1,Villanova,#20 Pick In 2023 Draft,HOUSTON ROCKETS,https://www.nba.com/player/1641715/cam-whitmore/
Jae'Sean Tate,8,F,6-4,230 lbs,"OCT 28, 1995",29,4,Ohio State,Signed On 11/25/20,HOUSTON ROCKETS,https://www.nba.com/player/1630256/jaesean-tate/
Dillon Brooks,9,G-F,6-6,225 lbs,"JAN 22, 1996",28,7,Oregon,Traded From MEM On 07/08/23,HOUSTON ROCKETS,https://www.nba.com/player/1628415/dillon-brooks/
Jabari Smith Jr.,10,F,6-10,220 lbs,"MAY 13, 2003",21,2,Auburn,#3 Pick In 2022 Draft,HOUSTON ROCKETS,https://www.nba.com/player/1631095/jabari-smith-jr/
Steven Adams,12,C,6-11,265 lbs,"JUL 20, 1993",31,10,Pittsburgh,Traded From MEM On 02/01/24,HOUSTON ROCKETS,https://www.nba.com/player/203500/steven-adams/
Reed Sheppard,15,G,6-2,185 lbs,"JUN 24, 2004",20,R,Kentucky,#3 Pick In 2024 Draft,HOUSTON ROCKETS,https://www.nba.com/player/1642263/reed-sheppard/
Tari Eason,17,F,6-8,215 lbs,"MAY 10, 2001",23,2,Louisiana State,#17 Pick In 2022 Draft,HOUSTON ROCKETS,https://www.nba.com/player/1631106/tari-eason/
Nate Williams,19,G,6-5,205 lbs,"FEB 12, 1999",25,2,Buffalo,Signed On 08/01/23,HOUSTON ROCKETS,https://www.nba.com/player/1631466/nate-williams/
Alperen Sengun,28,C,6-11,243 lbs,"JUL 25, 2002",22,3,Besiktas,Draft Rights Traded From OKC On 07/30/21,HOUSTON ROCKETS,https://www.nba.com/player/1630578/alperen-sengun/
Jeff Green,32,F,6-8,235 lbs,"AUG 28, 1986",38,16,Georgetown,Signed On 07/06/23,HOUSTON ROCKETS,https://www.nba.com/player/201145/jeff-green/
Jack McVeigh,58,G-F,6-8,215 lbs,"JUN 27, 1996",28,R,Nebraska-Lincoln,Signed On 07/25/24,HOUSTON ROCKETS,https://www.nba.com/player/1629098/jack-mcveigh/
Jaylen Wells,0,F,6-8,lbs,"AUG 26, 2003",21,R,Washington State,#39 Pick In 2024 Draft,MEMPHIS GRIZZLIES,https://www.nba.com/player/1642377/jaylen-wells/
Scotty Pippen Jr.,1,G,6-1,170 lbs,"NOV 10, 2000",24,2,Vanderbilt,Signed On 01/16/24,MEMPHIS GRIZZLIES,https://www.nba.com/player/1630590/scotty-pippen-jr/
Jake LaRavia,3,F,6-7,235 lbs,"NOV 03, 2001",23,2,Wake Forest,Draft Rights Traded From MIN On 06/24/22,MEMPHIS GRIZZLIES,https://www.nba.com/player/1631222/jake-laravia/
Vince Williams Jr.,5,G,6-4,205 lbs,"AUG 30, 2000",24,2,Virginia Commonwealth,#47 Pick In 2022 Draft,MEMPHIS GRIZZLIES,https://www.nba.com/player/1631246/vince-williams-jr/
Santi Aldama,7,F-C,7-0,215 lbs,"JAN 10, 2001",23,3,Loyola-Maryland,Draft Rights Traded From UTA On 08/07/21,MEMPHIS GRIZZLIES,https://www.nba.com/player/1630583/santi-aldama/
Colin Castleton,8,C,6-10,250 lbs,"MAY 25, 2000",24,1,Florida,Signed On 10/30/24,MEMPHIS GRIZZLIES,https://www.nba.com/player/1630658/colin-castleton/
Luke Kennard,10,G,6-5,206 lbs,"JUN 24, 1996",28,7,Duke,Traded From LAC On 02/09/23,MEMPHIS GRIZZLIES,https://www.nba.com/player/1628379/luke-kennard/
Ja Morant,12,G,6-2,174 lbs,"AUG 10, 1999",25,5,Murray State,#2 Pick In 2019 Draft,MEMPHIS GRIZZLIES,https://www.nba.com/player/1629630/ja-morant/
Jaren Jackson Jr.,13,F-C,6-10,242 lbs,"SEP 15, 1999",25,6,Michigan State,#4 Pick In 2018 Draft,MEMPHIS GRIZZLIES,https://www.nba.com/player/1628991/jaren-jackson-jr/
Zach Edey,14,C,7-4,305 lbs,"MAY 14, 2002",22,R,Purdue,#9 Pick In 2024 Draft,MEMPHIS GRIZZLIES,https://www.nba.com/player/1641744/zach-edey/
Brandon Clarke,15,F,6-8,215 lbs,"SEP 19, 1996",28,5,Gonzaga,Draft Rights Traded From OKC On 07/06/19,MEMPHIS GRIZZLIES,https://www.nba.com/player/1629634/brandon-clarke/
Yuki Kawamura,17,G,5-8,159 lbs,"MAY 02, 2001",23,R,,Signed On 09/06/24,MEMPHIS GRIZZLIES,https://www.nba.com/player/1642530/yuki-kawamura/
Desmond Bane,22,G,6-5,215 lbs,"JUN 25, 1998",26,4,TCU,Draft Rights Traded From BOS On 11/20/20,MEMPHIS GRIZZLIES,https://www.nba.com/player/1630217/desmond-bane/
Cam Spencer,24,G,6-4,205 lbs,"APR 06, 2000",24,R,Connecticut,Draft Rights Traded From DET On 07/06/24,MEMPHIS GRIZZLIES,https://www.nba.com/player/1642285/cam-spencer/
Jay Huff,30,C,7-1,240 lbs,"AUG 25, 1997",27,3,Virginia,Signed On 07/24/24,MEMPHIS GRIZZLIES,https://www.nba.com/player/1630643/jay-huff/
Marcus Smart,36,G,6-3,220 lbs,"MAR 06, 1994",30,10,Oklahoma State,Traded From BOS On 06/23/23,MEMPHIS GRIZZLIES,https://www.nba.com/player/203935/marcus-smart/
GG Jackson,45,F,6-9,210 lbs,"DEC 17, 2004",19,1,South Carolina,#45 Pick In 2023 Draft,MEMPHIS GRIZZLIES,https://www.nba.com/player/1641713/gg-jackson/
John Konchar,46,G,6-5,210 lbs,"MAR 22, 1996",28,5,Indiana-Purdue Fort Wayne,Signed On 07/07/19,MEMPHIS GRIZZLIES,https://www.nba.com/player/1629723/john-konchar/
Zion Williamson,1,F,6-6,284 lbs,"JUL 06, 2000",24,4,Duke,#1 Pick In 2019 Draft,NEW ORLEANS PELICANS,https://www.nba.com/player/1629627/zion-williamson/
Herbert Jones,2,F,6-7,206 lbs,"OCT 06, 1998",26,3,Alabama,#35 Pick In 2021 Draft,NEW ORLEANS PELICANS,https://www.nba.com/player/1630529/herbert-jones/
Elfrid Payton,2,G,6-3,195 lbs,"FEB 22, 1994",30,8,Louisana-Lafayette,Signed On 10/10/24,NEW ORLEANS PELICANS,https://www.nba.com/player/203901/elfrid-payton/
CJ McCollum,3,G,6-3,190 lbs,"SEP 19, 1991",33,11,Lehigh,Traded From POR On 02/08/22,NEW ORLEANS PELICANS,https://www.nba.com/player/203468/cj-mccollum/
Javonte Green,4,G,6-5,205 lbs,"JUL 23, 1993",31,5,Radford,Signed On 08/22/24,NEW ORLEANS PELICANS,https://www.nba.com/player/1629750/javonte-green/
Dejounte Murray,5,G,6-4,180 lbs,"SEP 19, 1996",28,7,Washington,Traded From ATL On 07/06/24,NEW ORLEANS PELICANS,https://www.nba.com/player/1627749/dejounte-murray/
Jamal Cain,8,F,6-6,191 lbs,"MAR 20, 1999",25,2,Oakland,Signed On 07/12/24,NEW ORLEANS PELICANS,https://www.nba.com/player/1631288/jamal-cain/
Daniel Theis,10,F-C,6-8,245 lbs,"APR 04, 1992",32,7,Brose Bamberg,Signed On 07/09/24,NEW ORLEANS PELICANS,https://www.nba.com/player/1628464/daniel-theis/
Brandon Boston Jr.,11,G,6-6,188 lbs,"NOV 28, 2001",22,3,Kentucky,Awarded On Waivers On 10/21/24,NEW ORLEANS PELICANS,https://www.nba.com/player/1630527/brandon-boston-jr/
Antonio Reeves,12,G,6-5,205 lbs,"NOV 20, 2002",22,R,Kentucky,Draft Rights Traded From ORL On 06/27/24,NEW ORLEANS PELICANS,https://www.nba.com/player/1641810/antonio-reeves/
Brandon Ingram,14,F,6-8,190 lbs,"SEP 02, 1997",27,8,Duke,Traded From LAL On 07/06/19,NEW ORLEANS PELICANS,https://www.nba.com/player/1627742/brandon-ingram/
Jose Alvarado,15,G,6-0,179 lbs,"APR 12, 1998",26,3,Georgia Tech,Signed On 08/18/21,NEW ORLEANS PELICANS,https://www.nba.com/player/1630631/jose-alvarado/
Karlo Matković,17,F-C,6-10,231 lbs,"MAR 30, 2001",23,R,Mega Basket,#52 Pick In 2022 Draft,NEW ORLEANS PELICANS,https://www.nba.com/player/1631255/karlo-matkovi%C4%87/
Yves Missi,21,C,6-11,235 lbs,"MAY 14, 2004",20,R,Baylor,#21 Pick In 2024 Draft,NEW ORLEANS PELICANS,https://www.nba.com/player/1642274/yves-missi/
Jordan Hawkins,24,G,6-5,190 lbs,"APR 29, 2002",22,1,Connecticut,#14 Pick In 2023 Draft,NEW ORLEANS PELICANS,https://www.nba.com/player/1641722/jordan-hawkins/
Trey Murphy III,25,F,6-8,206 lbs,"JUN 18, 2000",24,3,Virginia,Draft Rights Traded From MEM On 08/07/21,NEW ORLEANS PELICANS,https://www.nba.com/player/1630530/trey-murphy-iii/
Jeremiah Robinson-Earl,50,F,6-8,240 lbs,"NOV 03, 2000",24,3,Villanova,Signed On 11/03/23,NEW ORLEANS PELICANS,https://www.nba.com/player/1630526/jeremiah-robinson-earl/
Trey Jemison III,55,C,6-10,260 lbs,"NOV 28, 1999",24,1,Alabama-Birmingham,,NEW ORLEANS PELICANS,https://www.nba.com/player/1641998/trey-jemison-iii/
Keldon Johnson,0,F-G,6-5,220 lbs,"OCT 11, 1999",25,5,Kentucky,#29 Pick In 2019 Draft,SAN ANTONIO SPURS,https://www.nba.com/player/1629640/keldon-johnson/
Victor Wembanyama,1,F-C,7-3,235 lbs,"JAN 04, 2004",20,1,Metropolitans 92,#1 Pick In 2023 Draft,SAN ANTONIO SPURS,https://www.nba.com/player/1641705/victor-wembanyama/
Chris Paul,3,G,6-0,175 lbs,"MAY 06, 1985",39,19,Wake Forest,Signed On 07/07/24,SAN ANTONIO SPURS,https://www.nba.com/player/101108/chris-paul/
Stephon Castle,5,G,6-6,215 lbs,"NOV 01, 2004",20,R,Connecticut,#4 Pick In 2024 Draft,SAN ANTONIO SPURS,https://www.nba.com/player/1642264/stephon-castle/
David Duke Jr.,7,G,6-4,204 lbs,"OCT 13, 1999",25,3,Providence,Signed On 12/14/23,SAN ANTONIO SPURS,https://www.nba.com/player/1630561/david-duke-jr/
Jeremy Sochan,10,F,6-8,230 lbs,"MAY 20, 2003",21,2,Baylor,#9 Pick In 2022 Draft,SAN ANTONIO SPURS,https://www.nba.com/player/1631110/jeremy-sochan/
Blake Wesley,14,G,6-3,185 lbs,"MAR 16, 2003",21,2,Notre Dame,#25 Pick In 2022 Draft,SAN ANTONIO SPURS,https://www.nba.com/player/1631104/blake-wesley/
Malaki Branham,22,F,6-4,180 lbs,"MAY 12, 2003",21,2,Ohio State,#20 Pick In 2022 Draft,SAN ANTONIO SPURS,https://www.nba.com/player/1631103/malaki-branham/
Zach Collins,23,F-C,6-11,250 lbs,"NOV 19, 1997",27,6,Gonzaga,Signed On 08/11/21,SAN ANTONIO SPURS,https://www.nba.com/player/1628380/zach-collins/
Devin Vassell,24,G-F,6-5,200 lbs,"AUG 23, 2000",24,4,Florida State,#11 Pick In 2020 Draft,SAN ANTONIO SPURS,https://www.nba.com/player/1630170/devin-vassell/
Sidy Cissoko,25,G,6-6,200 lbs,"APR 02, 2004",20,1,NBA G League Ignite,#44 Pick In 2023 Draft,SAN ANTONIO SPURS,https://www.nba.com/player/1631321/sidy-cissoko/
Riley Minix,27,F,6-7,230 lbs,"SEP 22, 2000",24,R,Morehead State,Signed On 07/20/24,SAN ANTONIO SPURS,https://www.nba.com/player/1642434/riley-minix/
Charles Bassey,28,C-F,6-10,230 lbs,"OCT 28, 2000",24,3,Western Kentucky,Signed On 10/24/22,SAN ANTONIO SPURS,https://www.nba.com/player/1629646/charles-bassey/
Julian Champagnie,30,F,6-7,217 lbs,"JUN 29, 2001",23,2,St. John'S,,SAN ANTONIO SPURS,https://www.nba.com/player/1630577/julian-champagnie/
Tre Jones,33,G,6-1,185 lbs,"JAN 08, 2000",24,4,Duke,#41 Pick In 2020 Draft,SAN ANTONIO SPURS,https://www.nba.com/player/1630200/tre-jones/
Harrison Barnes,40,F,6-8,225 lbs,"MAY 30, 1992",32,12,North Carolina,Traded From SAC On 07/08/24,SAN ANTONIO SPURS,https://www.nba.com/player/203084/harrison-barnes/
Sandro Mamukelashvili,54,F-C,6-9,240 lbs,"MAY 23, 1999",25,3,Seton Hall,,SAN ANTONIO SPURS,https://www.nba.com/player/1630572/sandro-mamukelashvili/
Harrison Ingram,55,F,6-5,230 lbs,"NOV 27, 2002",21,R,North Carolina,#48 Pick In 2024 Draft,SAN ANTONIO SPURS,https://www.nba.com/player/1631127/harrison-ingram/
